QUERY_ID,DOC_ID,SCORE,ENGINE,RANK
1,21064,3,(BM25|STS)+Reranker+LLM,1
1,42166,3,(BM25|STS)+Reranker+LLM,2
1,13702,3,(BM25|STS)+Reranker+LLM,3
1,20592,3,(BM25|STS)+Reranker+LLM,4
1,15740,3,(BM25|STS)+Reranker+LLM,5
1,53641,3,(BM25|STS)+Reranker+LLM,6
1,31601,3,(BM25|STS)+Reranker+LLM,7
1,54765,3,(BM25|STS)+Reranker+LLM,8
1,20506,3,(BM25|STS)+Reranker+LLM,9
1,47161,3,(BM25|STS)+Reranker+LLM,10
1,161,1,BM25+LLM,52
1,11595,1,BM25+LLM,250
1,40647,1,BM25+LLM,283
1,22155,1,BM25+LLM,474
1,18435,1,BM25+LLM,905
2,31437,3,(BM25|STS)+Reranker+LLM,1
2,19340,3,(BM25|STS)+Reranker+LLM,3
2,77959,3,(BM25|STS)+Reranker+LLM,5
2,17289,2,(BM25|STS)+Reranker+LLM,7
2,18452,2,(BM25|STS)+Reranker+LLM,8
2,18105,1,(BM25|STS)+Reranker+LLM,2
2,19636,1,(BM25|STS)+Reranker+LLM,4
2,31274,0,(BM25|STS)+Reranker+LLM,6
2,17258,0,(BM25|STS)+Reranker+LLM,9
2,32865,0,(BM25|STS)+Reranker+LLM,10
2,19738,0,BM25+LLM,191
2,104484,0,BM25+LLM,226
2,90647,0,BM25+LLM,432
2,21876,0,BM25+LLM,526
2,33096,0,BM25+LLM,895
3,18380,3,(BM25|STS)+Reranker+LLM,1
3,31102,3,(BM25|STS)+Reranker+LLM,4
3,17240,3,(BM25|STS)+Reranker+LLM,5
3,20511,3,(BM25|STS)+Reranker+LLM,6
3,32589,3,(BM25|STS)+Reranker+LLM,7
3,20510,3,(BM25|STS)+Reranker+LLM,8
3,17816,3,BM25+LLM,11
3,18058,2,(BM25|STS)+Reranker+LLM,2
3,17225,2,(BM25|STS)+Reranker+LLM,3
3,57354,2,(BM25|STS)+Reranker+LLM,9
3,18003,2,(BM25|STS)+Reranker+LLM,10
3,3881,2,BM25+LLM,773
3,31096,1,BM25+LLM,55
3,20901,1,BM25+LLM,267
3,11621,1,BM25+LLM,380
4,16895,3,(BM25|STS)+Reranker+LLM,1
4,45015,3,(BM25|STS)+Reranker+LLM,2
4,14526,3,(BM25|STS)+Reranker+LLM,3
4,62306,3,(BM25|STS)+Reranker+LLM,4
4,6237,3,(BM25|STS)+Reranker+LLM,5
4,50537,3,(BM25|STS)+Reranker+LLM,6
4,16981,3,(BM25|STS)+Reranker+LLM,7
4,21201,3,(BM25|STS)+Reranker+LLM,8
4,77927,3,(BM25|STS)+Reranker+LLM,9
4,84935,3,(BM25|STS)+Reranker+LLM,10
4,22098,1,BM25+LLM,97
4,18410,1,BM25+LLM,268
4,8858,1,BM25+LLM,427
4,60811,0,BM25+LLM,737
4,42906,0,BM25+LLM,863
5,21172,3,(BM25|STS)+Reranker+LLM,1
5,17816,3,(BM25|STS)+Reranker+LLM,2
5,4066,3,(BM25|STS)+Reranker+LLM,3
5,53003,3,(BM25|STS)+Reranker+LLM,4
5,94290,3,(BM25|STS)+Reranker+LLM,5
5,114656,3,(BM25|STS)+Reranker+LLM,6
5,50616,3,(BM25|STS)+Reranker+LLM,7
5,144170,3,(BM25|STS)+Reranker+LLM,8
5,16277,3,(BM25|STS)+Reranker+LLM,9
5,59226,3,(BM25|STS)+Reranker+LLM,10
5,18047,2,BM25+LLM,90
5,31612,1,BM25+LLM,603
5,18036,1,BM25+LLM,904
5,42583,0,BM25+LLM,295
5,29387,0,BM25+LLM,885
6,7166,3,(BM25|STS)+Reranker+LLM,1
6,8276,3,(BM25|STS)+Reranker+LLM,2
6,19400,3,(BM25|STS)+Reranker+LLM,3
6,125194,3,(BM25|STS)+Reranker+LLM,4
6,33177,3,(BM25|STS)+Reranker+LLM,5
6,59438,3,(BM25|STS)+Reranker+LLM,6
6,52875,3,(BM25|STS)+Reranker+LLM,7
6,104234,3,(BM25|STS)+Reranker+LLM,8
6,5066,3,(BM25|STS)+Reranker+LLM,9
6,17372,3,(BM25|STS)+Reranker+LLM,10
6,116643,3,BM25+LLM,28
6,17944,3,BM25+LLM,99
6,22851,1,BM25+LLM,351
6,18894,1,BM25+LLM,585
6,13371,0,BM25+LLM,385
7,67219,3,(BM25|STS)+Reranker+LLM,1
7,109711,3,(BM25|STS)+Reranker+LLM,2
7,134594,3,(BM25|STS)+Reranker+LLM,3
7,17022,3,(BM25|STS)+Reranker+LLM,4
7,5574,3,(BM25|STS)+Reranker+LLM,5
7,32639,3,(BM25|STS)+Reranker+LLM,6
7,18043,3,(BM25|STS)+Reranker+LLM,7
7,20539,3,(BM25|STS)+Reranker+LLM,8
7,17207,3,(BM25|STS)+Reranker+LLM,9
7,18359,3,(BM25|STS)+Reranker+LLM,10
7,31470,1,BM25+LLM,505
7,41056,0,BM25+LLM,330
7,17967,0,BM25+LLM,446
7,31398,0,BM25+LLM,563
7,18137,0,BM25+LLM,872
8,100887,3,(BM25|STS)+Reranker+LLM,2
8,33021,3,(BM25|STS)+Reranker+LLM,3
8,135712,3,(BM25|STS)+Reranker+LLM,4
8,31530,3,(BM25|STS)+Reranker+LLM,6
8,21810,3,(BM25|STS)+Reranker+LLM,7
8,20885,3,(BM25|STS)+Reranker+LLM,8
8,20917,3,(BM25|STS)+Reranker+LLM,10
8,32623,3,BM25+LLM,147
8,42404,2,(BM25|STS)+Reranker+LLM,5
8,21249,2,(BM25|STS)+Reranker+LLM,9
8,21246,2,BM25+LLM,282
8,32956,1,(BM25|STS)+Reranker+LLM,1
8,31103,1,BM25+LLM,831
8,18096,0,BM25+LLM,474
8,16247,0,BM25+LLM,568
9,31032,3,(BM25|STS)+Reranker+LLM,1
9,19355,3,(BM25|STS)+Reranker+LLM,2
9,79286,3,(BM25|STS)+Reranker+LLM,3
9,32623,3,(BM25|STS)+Reranker+LLM,4
9,43178,3,(BM25|STS)+Reranker+LLM,5
9,18038,3,(BM25|STS)+Reranker+LLM,6
9,84434,3,(BM25|STS)+Reranker+LLM,7
9,18943,3,(BM25|STS)+Reranker+LLM,8
9,18051,2,(BM25|STS)+Reranker+LLM,9
9,18941,2,(BM25|STS)+Reranker+LLM,10
9,31077,1,BM25+LLM,28
9,31123,1,BM25+LLM,231
9,32606,1,BM25+LLM,245
9,2983,1,BM25+LLM,996
9,18151,0,BM25+LLM,850
10,30310,3,(BM25|STS)+Reranker+LLM,1
10,33649,3,(BM25|STS)+Reranker+LLM,2
10,30107,3,(BM25|STS)+Reranker+LLM,3
10,32381,3,(BM25|STS)+Reranker+LLM,4
10,32385,3,(BM25|STS)+Reranker+LLM,5
10,30893,3,(BM25|STS)+Reranker+LLM,6
10,30086,3,(BM25|STS)+Reranker+LLM,7
10,30891,3,(BM25|STS)+Reranker+LLM,8
10,30290,3,(BM25|STS)+Reranker+LLM,10
10,28521,2,(BM25|STS)+Reranker+LLM,9
10,15049,0,BM25+LLM,55
10,99942,0,BM25+LLM,318
10,33092,0,BM25+LLM,535
10,134007,0,BM25+LLM,897
10,16319,0,BM25+LLM,995
11,43929,3,(BM25|STS)+Reranker+LLM,3
11,33914,3,(BM25|STS)+Reranker+LLM,9
11,29533,2,(BM25|STS)+Reranker+LLM,1
11,18872,2,(BM25|STS)+Reranker+LLM,2
11,18828,2,(BM25|STS)+Reranker+LLM,4
11,18245,2,(BM25|STS)+Reranker+LLM,5
11,18255,2,(BM25|STS)+Reranker+LLM,6
11,33939,2,(BM25|STS)+Reranker+LLM,7
11,33958,2,(BM25|STS)+Reranker+LLM,8
11,29518,2,(BM25|STS)+Reranker+LLM,10
11,17137,1,BM25+LLM,124
11,15178,1,BM25+LLM,218
11,21091,1,BM25+LLM,390
11,21866,1,BM25+LLM,694
11,23179,0,BM25+LLM,364
12,22795,3,(BM25|STS)+Reranker+LLM,1
12,22146,3,(BM25|STS)+Reranker+LLM,2
12,60017,3,(BM25|STS)+Reranker+LLM,4
12,21901,3,(BM25|STS)+Reranker+LLM,5
12,22794,3,(BM25|STS)+Reranker+LLM,6
12,33953,3,(BM25|STS)+Reranker+LLM,7
12,22780,3,(BM25|STS)+Reranker+LLM,8
12,33077,3,(BM25|STS)+Reranker+LLM,9
12,22797,2,(BM25|STS)+Reranker+LLM,3
12,21870,2,(BM25|STS)+Reranker+LLM,10
12,20956,1,BM25+LLM,119
12,85317,1,BM25+LLM,197
12,62634,1,BM25+LLM,302
12,151474,1,BM25+LLM,852
12,17999,0,BM25+LLM,144
13,19451,3,(BM25|STS)+Reranker+LLM,1
13,18950,3,(BM25|STS)+Reranker+LLM,2
13,17993,3,(BM25|STS)+Reranker+LLM,3
13,18384,3,(BM25|STS)+Reranker+LLM,4
13,18060,3,(BM25|STS)+Reranker+LLM,5
13,17992,3,(BM25|STS)+Reranker+LLM,6
13,18089,3,(BM25|STS)+Reranker+LLM,7
13,17825,3,(BM25|STS)+Reranker+LLM,8
13,34996,3,(BM25|STS)+Reranker+LLM,9
13,18924,3,(BM25|STS)+Reranker+LLM,10
13,31082,1,BM25+LLM,36
13,67008,1,BM25+LLM,228
13,17393,1,BM25+LLM,540
13,139432,1,BM25+LLM,719
13,51386,0,BM25+LLM,829
14,93235,3,(BM25|STS)+Reranker+LLM,1
14,81987,3,(BM25|STS)+Reranker+LLM,2
14,122137,3,(BM25|STS)+Reranker+LLM,3
14,143862,3,(BM25|STS)+Reranker+LLM,6
14,138642,3,(BM25|STS)+Reranker+LLM,7
14,136866,2,(BM25|STS)+Reranker+LLM,4
14,108627,2,(BM25|STS)+Reranker+LLM,5
14,133900,2,(BM25|STS)+Reranker+LLM,8
14,151614,2,(BM25|STS)+Reranker+LLM,9
14,82758,2,(BM25|STS)+Reranker+LLM,10
14,17563,0,BM25+LLM,142
14,44087,0,BM25+LLM,236
14,134121,0,BM25+LLM,472
14,33808,0,BM25+LLM,572
14,31823,0,BM25+LLM,861
15,32737,3,(BM25|STS)+Reranker+LLM,4
15,80118,3,(BM25|STS)+Reranker+LLM,7
15,104216,3,(BM25|STS)+Reranker+LLM,9
15,19662,3,(BM25|STS)+Reranker+LLM,10
15,19690,2,(BM25|STS)+Reranker+LLM,1
15,34093,2,(BM25|STS)+Reranker+LLM,2
15,33711,2,(BM25|STS)+Reranker+LLM,3
15,23087,2,(BM25|STS)+Reranker+LLM,5
15,68169,2,(BM25|STS)+Reranker+LLM,6
15,14408,2,(BM25|STS)+Reranker+LLM,8
15,16118,1,BM25+LLM,239
15,13,1,BM25+LLM,353
15,27831,0,BM25+LLM,196
15,19710,0,BM25+LLM,386
15,40444,0,BM25+LLM,869
16,18910,3,(BM25|STS)+Reranker+LLM,4
16,19404,3,(BM25|STS)+Reranker+LLM,5
16,17368,3,(BM25|STS)+Reranker+LLM,9
16,18817,2,(BM25|STS)+Reranker+LLM,1
16,18912,2,(BM25|STS)+Reranker+LLM,2
16,25664,2,(BM25|STS)+Reranker+LLM,3
16,87606,2,(BM25|STS)+Reranker+LLM,6
16,59613,2,(BM25|STS)+Reranker+LLM,7
16,17959,2,(BM25|STS)+Reranker+LLM,8
16,17390,2,(BM25|STS)+Reranker+LLM,10
16,21935,1,BM25+LLM,207
16,17234,1,BM25+LLM,582
16,28341,0,BM25+LLM,503
16,5700,0,BM25+LLM,949
16,34122,0,BM25+LLM,965
17,34995,3,(BM25|STS)+Reranker+LLM,1
17,16319,3,(BM25|STS)+Reranker+LLM,8
17,34631,2,(BM25|STS)+Reranker+LLM,2
17,34774,2,(BM25|STS)+Reranker+LLM,3
17,68510,2,(BM25|STS)+Reranker+LLM,4
17,34705,2,(BM25|STS)+Reranker+LLM,6
17,34771,2,(BM25|STS)+Reranker+LLM,7
17,34890,2,(BM25|STS)+Reranker+LLM,9
17,31572,1,(BM25|STS)+Reranker+LLM,5
17,31574,1,(BM25|STS)+Reranker+LLM,10
17,148157,1,BM25+LLM,26
17,17211,1,BM25+LLM,73
17,21866,0,BM25+LLM,388
17,22812,0,BM25+LLM,520
17,85713,0,BM25+LLM,602
18,32643,3,(BM25|STS)+Reranker+LLM,2
18,81314,3,(BM25|STS)+Reranker+LLM,5
18,17257,3,(BM25|STS)+Reranker+LLM,10
18,20510,3,BM25+LLM,58
18,18058,2,(BM25|STS)+Reranker+LLM,1
18,18041,2,(BM25|STS)+Reranker+LLM,3
18,18904,2,(BM25|STS)+Reranker+LLM,4
18,38547,2,(BM25|STS)+Reranker+LLM,6
18,38548,2,(BM25|STS)+Reranker+LLM,7
18,42262,2,(BM25|STS)+Reranker+LLM,8
18,32589,2,(BM25|STS)+Reranker+LLM,9
18,20899,1,BM25+LLM,235
18,20544,1,BM25+LLM,537
18,15839,0,BM25+LLM,254
18,14915,0,BM25+LLM,661
19,32331,3,(BM25|STS)+Reranker+LLM,1
19,35185,3,(BM25|STS)+Reranker+LLM,2
19,131055,3,(BM25|STS)+Reranker+LLM,3
19,35186,3,(BM25|STS)+Reranker+LLM,5
19,34976,3,(BM25|STS)+Reranker+LLM,6
19,35197,3,(BM25|STS)+Reranker+LLM,7
19,34926,3,(BM25|STS)+Reranker+LLM,8
19,34979,3,(BM25|STS)+Reranker+LLM,9
19,15405,3,(BM25|STS)+Reranker+LLM,10
19,150622,3,BM25+LLM,91
19,82277,2,(BM25|STS)+Reranker+LLM,4
19,31541,1,BM25+LLM,601
19,19649,0,BM25+LLM,369
19,38959,0,BM25+LLM,403
19,49113,0,BM25+LLM,854
20,55315,3,(BM25|STS)+Reranker+LLM,1
20,50987,3,(BM25|STS)+Reranker+LLM,2
20,85524,3,(BM25|STS)+Reranker+LLM,9
20,28961,2,(BM25|STS)+Reranker+LLM,3
20,80565,2,(BM25|STS)+Reranker+LLM,8
20,26251,1,(BM25|STS)+Reranker+LLM,5
20,9551,1,(BM25|STS)+Reranker+LLM,6
20,31414,1,(BM25|STS)+Reranker+LLM,7
20,18941,1,(BM25|STS)+Reranker+LLM,10
20,626,1,BM25+LLM,34
20,114588,1,BM25+LLM,64
20,15311,1,BM25+LLM,92
20,142821,1,BM25+LLM,113
20,15852,0,(BM25|STS)+Reranker+LLM,4
20,26481,0,BM25+LLM,37
21,33032,3,(BM25|STS)+Reranker+LLM,2
21,22972,3,(BM25|STS)+Reranker+LLM,3
21,34918,3,(BM25|STS)+Reranker+LLM,4
21,32974,3,(BM25|STS)+Reranker+LLM,5
21,21279,3,(BM25|STS)+Reranker+LLM,6
21,31556,3,(BM25|STS)+Reranker+LLM,7
21,21037,3,(BM25|STS)+Reranker+LLM,8
21,18181,3,(BM25|STS)+Reranker+LLM,9
21,31641,2,(BM25|STS)+Reranker+LLM,1
21,14829,2,(BM25|STS)+Reranker+LLM,10
21,13608,2,BM25+LLM,344
21,123820,0,BM25+LLM,225
21,104797,0,BM25+LLM,427
21,17906,0,BM25+LLM,538
21,39631,0,BM25+LLM,681
22,137424,3,(BM25|STS)+Reranker+LLM,1
22,15112,3,(BM25|STS)+Reranker+LLM,2
22,13227,3,(BM25|STS)+Reranker+LLM,3
22,8321,3,(BM25|STS)+Reranker+LLM,4
22,19650,3,(BM25|STS)+Reranker+LLM,6
22,13236,3,(BM25|STS)+Reranker+LLM,7
22,26515,3,(BM25|STS)+Reranker+LLM,9
22,28276,3,(BM25|STS)+Reranker+LLM,10
22,19754,2,(BM25|STS)+Reranker+LLM,5
22,716,2,(BM25|STS)+Reranker+LLM,8
22,87289,1,BM25+LLM,614
22,12949,1,BM25+LLM,839
22,34844,0,BM25+LLM,360
22,28557,0,BM25+LLM,436
22,179,0,BM25+LLM,745
23,34988,3,(BM25|STS)+Reranker+LLM,1
23,141147,3,(BM25|STS)+Reranker+LLM,2
23,34989,3,(BM25|STS)+Reranker+LLM,3
23,69087,3,(BM25|STS)+Reranker+LLM,4
23,34701,3,(BM25|STS)+Reranker+LLM,5
23,41582,3,(BM25|STS)+Reranker+LLM,6
23,83095,3,(BM25|STS)+Reranker+LLM,9
23,60302,3,(BM25|STS)+Reranker+LLM,10
23,28931,2,(BM25|STS)+Reranker+LLM,7
23,35300,2,(BM25|STS)+Reranker+LLM,8
23,31527,1,BM25+LLM,231
23,11684,1,BM25+LLM,330
23,35491,0,BM25+LLM,670
23,18914,0,BM25+LLM,840
23,29519,0,BM25+LLM,930
24,21062,3,(BM25|STS)+Reranker+LLM,2
24,92844,3,(BM25|STS)+Reranker+LLM,4
24,18347,3,(BM25|STS)+Reranker+LLM,5
24,13652,3,BM25+LLM,467
24,21816,3,BM25+LLM,658
24,34145,3,BM25+LLM,773
24,31536,2,(BM25|STS)+Reranker+LLM,1
24,17293,2,(BM25|STS)+Reranker+LLM,3
24,18849,2,(BM25|STS)+Reranker+LLM,6
24,31543,2,(BM25|STS)+Reranker+LLM,7
24,31053,2,(BM25|STS)+Reranker+LLM,8
24,93275,2,(BM25|STS)+Reranker+LLM,9
24,115433,2,(BM25|STS)+Reranker+LLM,10
24,16249,2,BM25+LLM,110
24,94967,2,BM25+LLM,225
25,36008,3,(BM25|STS)+Reranker+LLM,1
25,22140,3,(BM25|STS)+Reranker+LLM,2
25,61651,3,(BM25|STS)+Reranker+LLM,3
25,22139,3,(BM25|STS)+Reranker+LLM,4
25,21876,3,(BM25|STS)+Reranker+LLM,5
25,22105,3,(BM25|STS)+Reranker+LLM,6
25,22792,3,(BM25|STS)+Reranker+LLM,7
25,26341,3,(BM25|STS)+Reranker+LLM,8
25,9344,3,(BM25|STS)+Reranker+LLM,9
25,33077,3,(BM25|STS)+Reranker+LLM,10
25,18300,1,BM25+LLM,323
25,47044,1,BM25+LLM,427
25,145864,1,BM25+LLM,438
25,17036,1,BM25+LLM,523
25,22822,0,BM25+LLM,172
26,25632,3,(BM25|STS)+Reranker+LLM,1
26,18949,3,(BM25|STS)+Reranker+LLM,5
26,18381,3,(BM25|STS)+Reranker+LLM,7
26,132460,3,(BM25|STS)+Reranker+LLM,9
26,21259,3,BM25+LLM,545
26,61518,2,(BM25|STS)+Reranker+LLM,2
26,18347,2,(BM25|STS)+Reranker+LLM,3
26,17823,2,(BM25|STS)+Reranker+LLM,4
26,34216,2,(BM25|STS)+Reranker+LLM,8
26,149840,2,(BM25|STS)+Reranker+LLM,10
26,20903,2,BM25+LLM,579
26,34775,1,(BM25|STS)+Reranker+LLM,6
26,65107,1,BM25+LLM,106
26,20630,1,BM25+LLM,613
26,20629,1,BM25+LLM,676
27,16325,3,(BM25|STS)+Reranker+LLM,1
27,134867,3,(BM25|STS)+Reranker+LLM,2
27,18841,3,(BM25|STS)+Reranker+LLM,3
27,18842,3,(BM25|STS)+Reranker+LLM,4
27,17883,3,(BM25|STS)+Reranker+LLM,5
27,32936,3,(BM25|STS)+Reranker+LLM,6
27,32923,3,(BM25|STS)+Reranker+LLM,7
27,19385,3,(BM25|STS)+Reranker+LLM,8
27,17146,3,(BM25|STS)+Reranker+LLM,9
27,18818,3,(BM25|STS)+Reranker+LLM,10
27,54652,2,BM25+LLM,148
27,34928,0,BM25+LLM,411
27,33038,0,BM25+LLM,562
27,32702,0,BM25+LLM,796
27,19575,0,BM25+LLM,990
28,35286,3,(BM25|STS)+Reranker+LLM,2
28,35299,2,(BM25|STS)+Reranker+LLM,1
28,34838,2,(BM25|STS)+Reranker+LLM,3
28,35284,2,(BM25|STS)+Reranker+LLM,4
28,131055,2,(BM25|STS)+Reranker+LLM,5
28,80814,2,(BM25|STS)+Reranker+LLM,6
28,59938,2,(BM25|STS)+Reranker+LLM,7
28,67158,2,(BM25|STS)+Reranker+LLM,8
28,135549,2,(BM25|STS)+Reranker+LLM,9
28,82277,2,(BM25|STS)+Reranker+LLM,10
28,55235,1,BM25+LLM,411
28,13287,0,BM25+LLM,157
28,45015,0,BM25+LLM,325
28,137074,0,BM25+LLM,513
28,99942,0,BM25+LLM,821
29,27866,3,(BM25|STS)+Reranker+LLM,1
29,40230,3,(BM25|STS)+Reranker+LLM,3
29,13637,3,(BM25|STS)+Reranker+LLM,4
29,132082,3,(BM25|STS)+Reranker+LLM,5
29,30902,3,(BM25|STS)+Reranker+LLM,10
29,15545,3,BM25+LLM,44
29,28069,3,BM25+LLM,149
29,23724,2,(BM25|STS)+Reranker+LLM,9
29,33897,1,(BM25|STS)+Reranker+LLM,2
29,31343,1,(BM25|STS)+Reranker+LLM,6
29,26500,1,(BM25|STS)+Reranker+LLM,7
29,32801,1,(BM25|STS)+Reranker+LLM,8
29,14877,1,BM25+LLM,241
29,35246,1,BM25+LLM,277
29,98038,1,BM25+LLM,842
30,79286,3,(BM25|STS)+Reranker+LLM,1
30,35419,3,(BM25|STS)+Reranker+LLM,2
30,15866,3,(BM25|STS)+Reranker+LLM,3
30,64766,3,(BM25|STS)+Reranker+LLM,4
30,35041,3,(BM25|STS)+Reranker+LLM,6
30,72433,3,(BM25|STS)+Reranker+LLM,7
30,18051,3,(BM25|STS)+Reranker+LLM,8
30,84434,2,(BM25|STS)+Reranker+LLM,5
30,18941,2,(BM25|STS)+Reranker+LLM,9
30,18067,2,(BM25|STS)+Reranker+LLM,10
30,17096,1,BM25+LLM,291
30,17256,1,BM25+LLM,322
30,32609,1,BM25+LLM,567
30,31016,0,BM25+LLM,86
30,22107,0,BM25+LLM,526
31,27073,3,(BM25|STS)+Reranker+LLM,1
31,21253,3,(BM25|STS)+Reranker+LLM,2
31,33899,3,(BM25|STS)+Reranker+LLM,3
31,102455,3,(BM25|STS)+Reranker+LLM,4
31,26459,3,(BM25|STS)+Reranker+LLM,5
31,26568,3,BM25+LLM,18
31,32809,3,BM25+LLM,51
31,43886,2,(BM25|STS)+Reranker+LLM,6
31,51469,2,(BM25|STS)+Reranker+LLM,7
31,22230,2,(BM25|STS)+Reranker+LLM,8
31,11653,2,(BM25|STS)+Reranker+LLM,10
31,27119,2,BM25+LLM,23
31,27820,1,(BM25|STS)+Reranker+LLM,9
31,23155,0,BM25+LLM,150
31,112917,0,BM25+LLM,374
32,93997,3,(BM25|STS)+Reranker+LLM,1
32,16983,3,(BM25|STS)+Reranker+LLM,2
32,637,3,(BM25|STS)+Reranker+LLM,3
32,88354,3,(BM25|STS)+Reranker+LLM,4
32,57810,3,(BM25|STS)+Reranker+LLM,5
32,36810,3,(BM25|STS)+Reranker+LLM,6
32,34905,3,(BM25|STS)+Reranker+LLM,7
32,35309,3,(BM25|STS)+Reranker+LLM,9
32,32420,2,(BM25|STS)+Reranker+LLM,8
32,15294,1,(BM25|STS)+Reranker+LLM,10
32,33939,1,BM25+LLM,170
32,33907,1,BM25+LLM,770
32,18223,1,BM25+LLM,784
32,34761,0,BM25+LLM,539
32,13580,0,BM25+LLM,729
33,17821,3,(BM25|STS)+Reranker+LLM,1
33,60811,3,(BM25|STS)+Reranker+LLM,2
33,18402,3,(BM25|STS)+Reranker+LLM,3
33,17885,3,(BM25|STS)+Reranker+LLM,4
33,17819,3,(BM25|STS)+Reranker+LLM,5
33,83622,3,(BM25|STS)+Reranker+LLM,6
33,31108,3,(BM25|STS)+Reranker+LLM,7
33,19029,3,(BM25|STS)+Reranker+LLM,8
33,47391,3,(BM25|STS)+Reranker+LLM,10
33,34116,2,(BM25|STS)+Reranker+LLM,9
33,11621,1,BM25+LLM,335
33,81299,1,BM25+LLM,470
33,18345,0,BM25+LLM,156
33,81742,0,BM25+LLM,241
33,34873,0,BM25+LLM,961
34,31776,3,(BM25|STS)+Reranker+LLM,1
34,68907,2,(BM25|STS)+Reranker+LLM,2
34,31765,2,(BM25|STS)+Reranker+LLM,3
34,19572,2,(BM25|STS)+Reranker+LLM,4
34,23571,2,(BM25|STS)+Reranker+LLM,6
34,34344,2,(BM25|STS)+Reranker+LLM,7
34,20315,2,(BM25|STS)+Reranker+LLM,8
34,32953,1,(BM25|STS)+Reranker+LLM,5
34,17174,1,(BM25|STS)+Reranker+LLM,9
34,33121,1,(BM25|STS)+Reranker+LLM,10
34,49458,1,BM25+LLM,78
34,130131,0,BM25+LLM,704
34,35427,0,BM25+LLM,756
34,137130,0,BM25+LLM,876
34,15805,0,BM25+LLM,916
35,26237,3,(BM25|STS)+Reranker+LLM,1
35,23084,3,(BM25|STS)+Reranker+LLM,2
35,14815,3,(BM25|STS)+Reranker+LLM,3
35,23163,3,(BM25|STS)+Reranker+LLM,4
35,136361,3,(BM25|STS)+Reranker+LLM,5
35,22888,3,(BM25|STS)+Reranker+LLM,6
35,16864,3,(BM25|STS)+Reranker+LLM,7
35,23000,3,(BM25|STS)+Reranker+LLM,8
35,101909,3,(BM25|STS)+Reranker+LLM,9
35,35540,3,(BM25|STS)+Reranker+LLM,10
35,42265,1,BM25+LLM,213
35,23121,0,BM25+LLM,318
35,42243,0,BM25+LLM,764
35,14915,0,BM25+LLM,848
35,134001,0,BM25+LLM,893
36,27897,3,(BM25|STS)+Reranker+LLM,1
36,27867,3,(BM25|STS)+Reranker+LLM,2
36,284,3,(BM25|STS)+Reranker+LLM,3
36,6711,3,(BM25|STS)+Reranker+LLM,4
36,31402,3,(BM25|STS)+Reranker+LLM,5
36,16881,3,(BM25|STS)+Reranker+LLM,6
36,27955,3,(BM25|STS)+Reranker+LLM,7
36,27935,3,(BM25|STS)+Reranker+LLM,9
36,50860,3,(BM25|STS)+Reranker+LLM,10
36,25414,2,(BM25|STS)+Reranker+LLM,8
36,17917,0,BM25+LLM,112
36,29896,0,BM25+LLM,221
36,90551,0,BM25+LLM,529
36,16335,0,BM25+LLM,633
36,17045,0,BM25+LLM,640
37,31372,2,(BM25|STS)+Reranker+LLM,1
37,28909,2,(BM25|STS)+Reranker+LLM,2
37,28974,2,(BM25|STS)+Reranker+LLM,3
37,31479,2,(BM25|STS)+Reranker+LLM,9
37,32662,1,(BM25|STS)+Reranker+LLM,4
37,31481,1,(BM25|STS)+Reranker+LLM,5
37,33038,1,(BM25|STS)+Reranker+LLM,6
37,29357,1,(BM25|STS)+Reranker+LLM,7
37,28898,1,(BM25|STS)+Reranker+LLM,8
37,28919,1,(BM25|STS)+Reranker+LLM,10
37,124291,1,BM25+LLM,27
37,20561,1,BM25+LLM,49
37,24656,1,BM25+LLM,83
37,32084,1,BM25+LLM,101
37,64110,1,BM25+LLM,108
38,22746,3,(BM25|STS)+Reranker+LLM,1
38,42937,3,(BM25|STS)+Reranker+LLM,3
38,21063,3,(BM25|STS)+Reranker+LLM,4
38,17013,3,(BM25|STS)+Reranker+LLM,7
38,16980,2,(BM25|STS)+Reranker+LLM,2
38,33086,2,(BM25|STS)+Reranker+LLM,5
38,93275,2,(BM25|STS)+Reranker+LLM,6
38,16311,2,(BM25|STS)+Reranker+LLM,8
38,147920,2,(BM25|STS)+Reranker+LLM,9
38,135576,2,(BM25|STS)+Reranker+LLM,10
38,21052,2,BM25+LLM,494
38,65187,1,BM25+LLM,204
38,33583,1,BM25+LLM,256
38,28895,1,BM25+LLM,264
38,31693,1,BM25+LLM,525
39,27804,3,(BM25|STS)+Reranker+LLM,1
39,26236,3,(BM25|STS)+Reranker+LLM,2
39,32813,3,(BM25|STS)+Reranker+LLM,4
39,88456,3,(BM25|STS)+Reranker+LLM,5
39,26063,3,(BM25|STS)+Reranker+LLM,7
39,87752,3,(BM25|STS)+Reranker+LLM,8
39,119798,3,(BM25|STS)+Reranker+LLM,9
39,52066,3,(BM25|STS)+Reranker+LLM,10
39,26049,2,(BM25|STS)+Reranker+LLM,3
39,25694,2,(BM25|STS)+Reranker+LLM,6
39,19490,2,BM25+LLM,20
39,62185,2,BM25+LLM,368
39,20972,1,BM25+LLM,918
39,32326,0,BM25+LLM,664
39,22812,0,BM25+LLM,818
40,19638,3,(BM25|STS)+Reranker+LLM,4
40,34964,3,(BM25|STS)+Reranker+LLM,7
40,90274,2,(BM25|STS)+Reranker+LLM,1
40,78777,2,(BM25|STS)+Reranker+LLM,2
40,61911,2,(BM25|STS)+Reranker+LLM,3
40,35211,2,(BM25|STS)+Reranker+LLM,5
40,34908,2,(BM25|STS)+Reranker+LLM,6
40,35208,2,(BM25|STS)+Reranker+LLM,8
40,66721,2,(BM25|STS)+Reranker+LLM,9
40,34950,2,(BM25|STS)+Reranker+LLM,10
40,26552,2,BM25+LLM,236
40,147658,1,BM25+LLM,686
40,67491,0,BM25+LLM,764
40,87428,0,BM25+LLM,956
40,44311,0,BM25+LLM,985
41,21135,3,(BM25|STS)+Reranker+LLM,1
41,58868,3,(BM25|STS)+Reranker+LLM,2
41,45859,3,(BM25|STS)+Reranker+LLM,3
41,68132,3,(BM25|STS)+Reranker+LLM,4
41,85759,3,(BM25|STS)+Reranker+LLM,5
41,77037,3,(BM25|STS)+Reranker+LLM,6
41,22813,3,(BM25|STS)+Reranker+LLM,7
41,21835,3,(BM25|STS)+Reranker+LLM,8
41,21864,3,(BM25|STS)+Reranker+LLM,9
41,37613,2,(BM25|STS)+Reranker+LLM,10
41,18323,1,BM25+LLM,105
41,32995,1,BM25+LLM,523
41,32426,1,BM25+LLM,737
41,181,1,BM25+LLM,743
41,15390,1,BM25+LLM,874
42,21162,3,(BM25|STS)+Reranker+LLM,1
42,21058,3,(BM25|STS)+Reranker+LLM,3
42,20597,3,(BM25|STS)+Reranker+LLM,4
42,21057,2,(BM25|STS)+Reranker+LLM,2
42,31599,2,(BM25|STS)+Reranker+LLM,5
42,21199,2,(BM25|STS)+Reranker+LLM,6
42,80964,2,(BM25|STS)+Reranker+LLM,7
42,20556,2,(BM25|STS)+Reranker+LLM,8
42,25634,2,(BM25|STS)+Reranker+LLM,9
42,20835,2,(BM25|STS)+Reranker+LLM,10
42,72668,2,BM25+LLM,334
42,33928,1,BM25+LLM,39
42,17389,1,BM25+LLM,287
42,14913,1,BM25+LLM,310
42,33420,1,BM25+LLM,433
43,21814,3,(BM25|STS)+Reranker+LLM,1
43,33056,3,(BM25|STS)+Reranker+LLM,2
43,34321,3,(BM25|STS)+Reranker+LLM,4
43,22124,3,(BM25|STS)+Reranker+LLM,6
43,22785,3,(BM25|STS)+Reranker+LLM,7
43,34258,2,(BM25|STS)+Reranker+LLM,3
43,33055,2,(BM25|STS)+Reranker+LLM,5
43,432,2,BM25+LLM,7
43,35917,2,(BM25|STS)+Reranker+LLM,9
43,21839,2,(BM25|STS)+Reranker+LLM,10
43,21867,2,BM25+LLM,23
43,34132,2,BM25+LLM,38
43,43929,1,(BM25|STS)+Reranker+LLM,8
43,111331,1,BM25+LLM,12
43,18920,1,BM25+LLM,34
44,15067,3,(BM25|STS)+Reranker+LLM,1
44,15370,3,(BM25|STS)+Reranker+LLM,2
44,15071,3,(BM25|STS)+Reranker+LLM,3
44,32672,3,(BM25|STS)+Reranker+LLM,4
44,32696,3,(BM25|STS)+Reranker+LLM,5
44,32671,3,(BM25|STS)+Reranker+LLM,6
44,39056,3,(BM25|STS)+Reranker+LLM,8
44,78586,2,(BM25|STS)+Reranker+LLM,7
44,27090,1,BM25+LLM,291
44,15390,1,BM25+LLM,350
44,22899,0,(BM25|STS)+Reranker+LLM,9
44,33774,0,(BM25|STS)+Reranker+LLM,10
44,34946,0,BM25+LLM,140
44,32374,0,BM25+LLM,332
44,15409,0,BM25+LLM,386
45,21135,3,(BM25|STS)+Reranker+LLM,1
45,21864,3,(BM25|STS)+Reranker+LLM,2
45,103458,3,(BM25|STS)+Reranker+LLM,3
45,59211,3,(BM25|STS)+Reranker+LLM,4
45,70748,3,(BM25|STS)+Reranker+LLM,5
45,117370,3,(BM25|STS)+Reranker+LLM,6
45,139562,3,(BM25|STS)+Reranker+LLM,7
45,21194,3,(BM25|STS)+Reranker+LLM,8
45,43879,3,(BM25|STS)+Reranker+LLM,9
45,50140,3,(BM25|STS)+Reranker+LLM,10
45,31523,1,BM25+LLM,256
45,11530,1,BM25+LLM,316
45,34214,1,BM25+LLM,519
45,31612,1,BM25+LLM,528
45,18436,0,BM25+LLM,955
46,29356,3,(BM25|STS)+Reranker+LLM,1
46,88847,3,(BM25|STS)+Reranker+LLM,2
46,33026,3,(BM25|STS)+Reranker+LLM,3
46,29371,3,(BM25|STS)+Reranker+LLM,4
46,74717,3,(BM25|STS)+Reranker+LLM,5
46,20557,3,(BM25|STS)+Reranker+LLM,6
46,29349,3,(BM25|STS)+Reranker+LLM,7
46,85586,3,(BM25|STS)+Reranker+LLM,8
46,75210,3,(BM25|STS)+Reranker+LLM,9
46,97014,2,(BM25|STS)+Reranker+LLM,10
46,18334,1,BM25+LLM,157
46,15669,1,BM25+LLM,426
46,21224,1,BM25+LLM,438
46,17380,1,BM25+LLM,774
46,39538,0,BM25+LLM,330
47,33815,3,(BM25|STS)+Reranker+LLM,1
47,129445,3,(BM25|STS)+Reranker+LLM,6
47,29378,3,(BM25|STS)+Reranker+LLM,7
47,9777,2,(BM25|STS)+Reranker+LLM,3
47,49458,2,(BM25|STS)+Reranker+LLM,4
47,33791,2,(BM25|STS)+Reranker+LLM,8
47,8319,2,(BM25|STS)+Reranker+LLM,9
47,49851,2,(BM25|STS)+Reranker+LLM,10
47,28870,1,(BM25|STS)+Reranker+LLM,2
47,44317,1,(BM25|STS)+Reranker+LLM,5
47,18088,1,BM25+LLM,128
47,8864,0,BM25+LLM,32
47,99942,0,BM25+LLM,425
47,33038,0,BM25+LLM,533
47,136402,0,BM25+LLM,998
48,31740,3,(BM25|STS)+Reranker+LLM,1
48,78023,3,(BM25|STS)+Reranker+LLM,2
48,113690,3,(BM25|STS)+Reranker+LLM,3
48,33122,3,(BM25|STS)+Reranker+LLM,4
48,20257,3,(BM25|STS)+Reranker+LLM,5
48,19572,3,(BM25|STS)+Reranker+LLM,6
48,19600,3,(BM25|STS)+Reranker+LLM,7
48,19601,3,(BM25|STS)+Reranker+LLM,8
48,58133,3,(BM25|STS)+Reranker+LLM,9
48,20258,2,(BM25|STS)+Reranker+LLM,10
48,30628,1,BM25+LLM,99
48,14901,1,BM25+LLM,162
48,28908,0,BM25+LLM,244
48,13175,0,BM25+LLM,616
48,114481,0,BM25+LLM,702
49,2845,3,(BM25|STS)+Reranker+LLM,1
49,33914,3,(BM25|STS)+Reranker+LLM,2
49,31565,3,(BM25|STS)+Reranker+LLM,4
49,19449,3,(BM25|STS)+Reranker+LLM,5
49,31568,3,(BM25|STS)+Reranker+LLM,6
49,31564,3,(BM25|STS)+Reranker+LLM,8
49,19395,3,(BM25|STS)+Reranker+LLM,10
49,18896,2,(BM25|STS)+Reranker+LLM,3
49,18852,2,(BM25|STS)+Reranker+LLM,7
49,84414,2,(BM25|STS)+Reranker+LLM,9
49,34940,2,BM25+LLM,768
49,31515,1,BM25+LLM,260
49,19426,1,BM25+LLM,296
49,20943,1,BM25+LLM,405
49,17990,1,BM25+LLM,913
50,37514,3,(BM25|STS)+Reranker+LLM,2
50,32601,3,(BM25|STS)+Reranker+LLM,3
50,12154,3,(BM25|STS)+Reranker+LLM,4
50,71048,3,(BM25|STS)+Reranker+LLM,5
50,18398,3,(BM25|STS)+Reranker+LLM,6
50,55310,3,(BM25|STS)+Reranker+LLM,7
50,17123,3,(BM25|STS)+Reranker+LLM,8
50,17097,3,(BM25|STS)+Reranker+LLM,9
50,17259,3,(BM25|STS)+Reranker+LLM,10
50,31427,2,(BM25|STS)+Reranker+LLM,1
50,61946,1,BM25+LLM,884
50,32390,0,BM25+LLM,117
50,23160,0,BM25+LLM,481
50,31146,0,BM25+LLM,585
50,147815,0,BM25+LLM,820
51,2845,3,(BM25|STS)+Reranker+LLM,1
51,5714,3,(BM25|STS)+Reranker+LLM,2
51,58593,3,(BM25|STS)+Reranker+LLM,4
51,14862,3,(BM25|STS)+Reranker+LLM,5
51,18100,3,(BM25|STS)+Reranker+LLM,9
51,17360,2,(BM25|STS)+Reranker+LLM,3
51,14268,2,(BM25|STS)+Reranker+LLM,6
51,14270,2,(BM25|STS)+Reranker+LLM,7
51,31251,2,(BM25|STS)+Reranker+LLM,8
51,14279,2,(BM25|STS)+Reranker+LLM,10
51,43452,1,BM25+LLM,584
51,33914,0,BM25+LLM,29
51,27993,0,BM25+LLM,249
51,31570,0,BM25+LLM,406
51,88886,0,BM25+LLM,436
52,139391,3,(BM25|STS)+Reranker+LLM,1
52,40940,3,(BM25|STS)+Reranker+LLM,2
52,72733,3,(BM25|STS)+Reranker+LLM,3
52,106389,3,(BM25|STS)+Reranker+LLM,4
52,36391,3,(BM25|STS)+Reranker+LLM,5
52,43860,3,(BM25|STS)+Reranker+LLM,6
52,23081,3,(BM25|STS)+Reranker+LLM,7
52,15181,3,(BM25|STS)+Reranker+LLM,8
52,25645,3,(BM25|STS)+Reranker+LLM,9
52,150633,3,(BM25|STS)+Reranker+LLM,10
52,97974,1,BM25+LLM,90
52,37660,1,BM25+LLM,119
52,41964,1,BM25+LLM,394
52,23671,0,BM25+LLM,215
52,25694,0,BM25+LLM,261
53,48357,3,(BM25|STS)+Reranker+LLM,1
53,22101,2,(BM25|STS)+Reranker+LLM,2
53,21817,2,(BM25|STS)+Reranker+LLM,3
53,21801,2,(BM25|STS)+Reranker+LLM,4
53,26373,2,(BM25|STS)+Reranker+LLM,5
53,25757,2,(BM25|STS)+Reranker+LLM,6
53,33069,2,(BM25|STS)+Reranker+LLM,7
53,22211,2,(BM25|STS)+Reranker+LLM,8
53,22212,2,(BM25|STS)+Reranker+LLM,9
53,92041,2,(BM25|STS)+Reranker+LLM,10
53,31076,1,BM25+LLM,34
53,18334,1,BM25+LLM,121
53,22909,0,BM25+LLM,262
53,34742,0,BM25+LLM,267
53,15234,0,BM25+LLM,501
54,19407,3,(BM25|STS)+Reranker+LLM,7
54,26373,2,(BM25|STS)+Reranker+LLM,1
54,25757,2,(BM25|STS)+Reranker+LLM,2
54,21817,2,(BM25|STS)+Reranker+LLM,3
54,22211,2,(BM25|STS)+Reranker+LLM,4
54,22212,2,(BM25|STS)+Reranker+LLM,5
54,21853,2,(BM25|STS)+Reranker+LLM,6
54,48357,2,(BM25|STS)+Reranker+LLM,8
54,22135,2,(BM25|STS)+Reranker+LLM,9
54,54764,2,(BM25|STS)+Reranker+LLM,10
54,9775,0,BM25+LLM,323
54,54302,0,BM25+LLM,596
54,34789,0,BM25+LLM,676
54,19575,0,BM25+LLM,743
54,14959,0,BM25+LLM,755
55,17992,3,(BM25|STS)+Reranker+LLM,1
55,19451,3,(BM25|STS)+Reranker+LLM,2
55,17993,3,(BM25|STS)+Reranker+LLM,3
55,18924,2,(BM25|STS)+Reranker+LLM,4
55,57986,2,(BM25|STS)+Reranker+LLM,5
55,18040,2,(BM25|STS)+Reranker+LLM,6
55,82758,2,(BM25|STS)+Reranker+LLM,10
55,120633,1,(BM25|STS)+Reranker+LLM,7
55,18060,1,(BM25|STS)+Reranker+LLM,8
55,23077,1,(BM25|STS)+Reranker+LLM,9
55,34906,1,BM25+LLM,501
55,18072,0,BM25+LLM,82
55,18371,0,BM25+LLM,231
55,80578,0,BM25+LLM,614
55,90652,0,BM25+LLM,652
56,18865,3,(BM25|STS)+Reranker+LLM,1
56,31249,3,(BM25|STS)+Reranker+LLM,2
56,14114,2,(BM25|STS)+Reranker+LLM,3
56,31278,2,(BM25|STS)+Reranker+LLM,4
56,14273,2,(BM25|STS)+Reranker+LLM,9
56,31250,1,(BM25|STS)+Reranker+LLM,5
56,31252,1,(BM25|STS)+Reranker+LLM,6
56,5714,1,(BM25|STS)+Reranker+LLM,7
56,25574,1,(BM25|STS)+Reranker+LLM,8
56,50055,1,(BM25|STS)+Reranker+LLM,10
56,90275,1,BM25+LLM,329
56,31610,0,BM25+LLM,181
56,5066,0,BM25+LLM,601
56,81119,0,BM25+LLM,621
56,13277,0,BM25+LLM,855
57,5714,3,(BM25|STS)+Reranker+LLM,1
57,18426,2,(BM25|STS)+Reranker+LLM,3
57,17129,2,(BM25|STS)+Reranker+LLM,5
57,18100,2,(BM25|STS)+Reranker+LLM,7
57,31277,1,(BM25|STS)+Reranker+LLM,2
57,34883,1,(BM25|STS)+Reranker+LLM,4
57,18865,1,(BM25|STS)+Reranker+LLM,6
57,22098,1,(BM25|STS)+Reranker+LLM,8
57,146739,1,(BM25|STS)+Reranker+LLM,9
57,21936,1,(BM25|STS)+Reranker+LLM,10
57,32946,1,BM25+LLM,430
57,18849,1,BM25+LLM,820
57,25289,1,BM25+LLM,942
57,39454,0,BM25+LLM,307
57,108414,0,BM25+LLM,322
58,123011,3,(BM25|STS)+Reranker+LLM,1
58,71433,3,(BM25|STS)+Reranker+LLM,2
58,36637,3,(BM25|STS)+Reranker+LLM,3
58,55607,2,(BM25|STS)+Reranker+LLM,4
58,96554,2,(BM25|STS)+Reranker+LLM,5
58,13172,2,(BM25|STS)+Reranker+LLM,6
58,34323,2,(BM25|STS)+Reranker+LLM,7
58,34140,2,(BM25|STS)+Reranker+LLM,8
58,17967,2,(BM25|STS)+Reranker+LLM,9
58,22793,2,(BM25|STS)+Reranker+LLM,10
58,15049,1,BM25+LLM,246
58,18846,1,BM25+LLM,454
58,34306,0,BM25+LLM,541
58,17229,0,BM25+LLM,844
58,19399,0,BM25+LLM,997
59,109695,3,(BM25|STS)+Reranker+LLM,1
59,67390,3,(BM25|STS)+Reranker+LLM,2
59,12949,3,(BM25|STS)+Reranker+LLM,3
59,17090,3,(BM25|STS)+Reranker+LLM,5
59,108415,2,(BM25|STS)+Reranker+LLM,4
59,12696,2,(BM25|STS)+Reranker+LLM,6
59,18015,2,(BM25|STS)+Reranker+LLM,7
59,17109,2,(BM25|STS)+Reranker+LLM,8
59,72668,2,(BM25|STS)+Reranker+LLM,9
59,18936,1,(BM25|STS)+Reranker+LLM,10
59,19332,1,BM25+LLM,31
59,5028,1,BM25+LLM,394
59,18953,0,BM25+LLM,667
59,21200,0,BM25+LLM,801
59,32974,0,BM25+LLM,982
60,63595,3,(BM25|STS)+Reranker+LLM,1
60,13233,3,(BM25|STS)+Reranker+LLM,2
60,34672,3,(BM25|STS)+Reranker+LLM,3
60,9989,3,(BM25|STS)+Reranker+LLM,4
60,35428,3,(BM25|STS)+Reranker+LLM,5
60,35258,3,(BM25|STS)+Reranker+LLM,6
60,35435,3,(BM25|STS)+Reranker+LLM,7
60,13770,3,(BM25|STS)+Reranker+LLM,10
60,111444,2,(BM25|STS)+Reranker+LLM,8
60,145500,2,(BM25|STS)+Reranker+LLM,9
60,100468,1,BM25+LLM,170
60,35501,1,BM25+LLM,527
60,25256,0,BM25+LLM,450
60,31569,0,BM25+LLM,856
60,23125,0,BM25+LLM,932
61,17128,2,(BM25|STS)+Reranker+LLM,1
61,44162,2,(BM25|STS)+Reranker+LLM,2
61,26067,2,(BM25|STS)+Reranker+LLM,3
61,26111,2,(BM25|STS)+Reranker+LLM,6
61,44145,1,(BM25|STS)+Reranker+LLM,4
61,37170,1,(BM25|STS)+Reranker+LLM,5
61,68698,1,(BM25|STS)+Reranker+LLM,7
61,64402,1,(BM25|STS)+Reranker+LLM,8
61,16157,1,(BM25|STS)+Reranker+LLM,9
61,79602,1,(BM25|STS)+Reranker+LLM,10
61,31254,1,BM25+LLM,172
61,13191,1,BM25+LLM,624
61,13186,1,BM25+LLM,643
61,40475,0,BM25+LLM,493
61,25961,0,BM25+LLM,715
62,107361,3,(BM25|STS)+Reranker+LLM,1
62,13694,3,(BM25|STS)+Reranker+LLM,2
62,42817,2,(BM25|STS)+Reranker+LLM,3
62,22108,2,(BM25|STS)+Reranker+LLM,9
62,34226,1,(BM25|STS)+Reranker+LLM,4
62,42635,1,(BM25|STS)+Reranker+LLM,5
62,20844,1,(BM25|STS)+Reranker+LLM,6
62,17831,1,(BM25|STS)+Reranker+LLM,7
62,39216,1,(BM25|STS)+Reranker+LLM,8
62,20503,1,(BM25|STS)+Reranker+LLM,10
62,18004,1,BM25+LLM,194
62,18862,1,BM25+LLM,635
62,39450,0,BM25+LLM,129
62,15727,0,BM25+LLM,490
62,17335,0,BM25+LLM,500
63,13583,3,(BM25|STS)+Reranker+LLM,1
63,17184,3,(BM25|STS)+Reranker+LLM,2
63,75014,3,(BM25|STS)+Reranker+LLM,4
63,109923,3,(BM25|STS)+Reranker+LLM,5
63,36337,3,(BM25|STS)+Reranker+LLM,10
63,83994,2,(BM25|STS)+Reranker+LLM,3
63,57781,2,(BM25|STS)+Reranker+LLM,6
63,34746,2,(BM25|STS)+Reranker+LLM,7
63,4856,2,(BM25|STS)+Reranker+LLM,8
63,43804,2,(BM25|STS)+Reranker+LLM,9
63,40641,1,BM25+LLM,50
63,48269,1,BM25+LLM,186
63,28855,1,BM25+LLM,519
63,9650,1,BM25+LLM,530
63,83,1,BM25+LLM,938
64,31629,3,(BM25|STS)+Reranker+LLM,1
64,103458,3,(BM25|STS)+Reranker+LLM,3
64,59211,3,(BM25|STS)+Reranker+LLM,4
64,70748,3,(BM25|STS)+Reranker+LLM,5
64,54852,3,(BM25|STS)+Reranker+LLM,6
64,15253,3,(BM25|STS)+Reranker+LLM,7
64,50140,3,(BM25|STS)+Reranker+LLM,8
64,43879,3,(BM25|STS)+Reranker+LLM,9
64,28189,3,(BM25|STS)+Reranker+LLM,10
64,151614,1,(BM25|STS)+Reranker+LLM,2
64,81554,1,BM25+LLM,323
64,17812,1,BM25+LLM,370
64,8858,1,BM25+LLM,679
64,19572,0,BM25+LLM,559
64,22135,0,BM25+LLM,800
65,21864,3,(BM25|STS)+Reranker+LLM,1
65,21135,3,(BM25|STS)+Reranker+LLM,3
65,22165,3,(BM25|STS)+Reranker+LLM,4
65,22095,3,(BM25|STS)+Reranker+LLM,5
65,22813,3,(BM25|STS)+Reranker+LLM,6
65,54852,3,(BM25|STS)+Reranker+LLM,8
65,16996,3,(BM25|STS)+Reranker+LLM,9
65,22164,3,(BM25|STS)+Reranker+LLM,10
65,18410,2,(BM25|STS)+Reranker+LLM,7
65,32467,1,(BM25|STS)+Reranker+LLM,2
65,21235,1,BM25+LLM,245
65,20595,1,BM25+LLM,308
65,32637,1,BM25+LLM,510
65,103374,1,BM25+LLM,745
65,20543,0,BM25+LLM,939
66,52912,3,(BM25|STS)+Reranker+LLM,1
66,15092,3,(BM25|STS)+Reranker+LLM,3
66,22168,3,(BM25|STS)+Reranker+LLM,4
66,20561,3,(BM25|STS)+Reranker+LLM,5
66,16895,3,(BM25|STS)+Reranker+LLM,6
66,45015,3,(BM25|STS)+Reranker+LLM,7
66,50537,3,(BM25|STS)+Reranker+LLM,8
66,14526,3,(BM25|STS)+Reranker+LLM,9
66,62306,3,(BM25|STS)+Reranker+LLM,10
66,147727,2,(BM25|STS)+Reranker+LLM,2
66,136440,0,BM25+LLM,211
66,29923,0,BM25+LLM,392
66,33983,0,BM25+LLM,501
66,39037,0,BM25+LLM,580
66,43356,0,BM25+LLM,677
67,17209,3,(BM25|STS)+Reranker+LLM,1
67,10089,3,(BM25|STS)+Reranker+LLM,2
67,49135,3,(BM25|STS)+Reranker+LLM,3
67,11612,3,(BM25|STS)+Reranker+LLM,4
67,17089,3,(BM25|STS)+Reranker+LLM,5
67,15532,3,(BM25|STS)+Reranker+LLM,6
67,17249,3,(BM25|STS)+Reranker+LLM,7
67,18019,3,(BM25|STS)+Reranker+LLM,8
67,17204,3,(BM25|STS)+Reranker+LLM,9
67,17206,3,(BM25|STS)+Reranker+LLM,10
67,57008,0,BM25+LLM,105
67,19371,0,BM25+LLM,234
67,53176,0,BM25+LLM,484
67,66707,0,BM25+LLM,769
67,22166,0,BM25+LLM,889
68,104455,3,(BM25|STS)+Reranker+LLM,1
68,18019,1,(BM25|STS)+Reranker+LLM,2
68,17204,1,(BM25|STS)+Reranker+LLM,3
68,21101,1,(BM25|STS)+Reranker+LLM,4
68,92815,1,(BM25|STS)+Reranker+LLM,10
68,21852,1,BM25+LLM,163
68,29832,0,(BM25|STS)+Reranker+LLM,5
68,29651,0,(BM25|STS)+Reranker+LLM,6
68,33620,0,(BM25|STS)+Reranker+LLM,7
68,56084,0,(BM25|STS)+Reranker+LLM,8
68,27107,0,BM25+LLM,9
68,32730,0,(BM25|STS)+Reranker+LLM,9
68,29386,0,BM25+LLM,107
68,28901,0,BM25+LLM,205
68,28966,0,BM25+LLM,249
69,13633,3,(BM25|STS)+Reranker+LLM,1
69,21867,3,(BM25|STS)+Reranker+LLM,2
69,34132,3,(BM25|STS)+Reranker+LLM,3
69,34146,3,(BM25|STS)+Reranker+LLM,4
69,21850,3,(BM25|STS)+Reranker+LLM,7
69,18920,3,(BM25|STS)+Reranker+LLM,8
69,28920,2,(BM25|STS)+Reranker+LLM,5
69,22195,2,(BM25|STS)+Reranker+LLM,6
69,17191,1,(BM25|STS)+Reranker+LLM,9
69,13563,1,(BM25|STS)+Reranker+LLM,10
69,18276,1,BM25+LLM,87
69,58300,1,BM25+LLM,123
69,35620,0,BM25+LLM,142
69,34667,0,BM25+LLM,175
69,31146,0,BM25+LLM,188
70,25573,3,(BM25|STS)+Reranker+LLM,1
70,31005,3,(BM25|STS)+Reranker+LLM,2
70,29129,3,(BM25|STS)+Reranker+LLM,3
70,82005,3,(BM25|STS)+Reranker+LLM,4
70,17043,3,(BM25|STS)+Reranker+LLM,5
70,9775,3,(BM25|STS)+Reranker+LLM,6
70,44207,3,(BM25|STS)+Reranker+LLM,7
70,6549,3,(BM25|STS)+Reranker+LLM,8
70,25445,3,(BM25|STS)+Reranker+LLM,10
70,26060,2,(BM25|STS)+Reranker+LLM,9
70,130410,2,BM25+LLM,50
70,13631,1,BM25+LLM,33
70,25859,1,BM25+LLM,537
70,23558,0,BM25+LLM,798
70,89464,0,BM25+LLM,962
71,22165,3,(BM25|STS)+Reranker+LLM,1
71,22164,3,(BM25|STS)+Reranker+LLM,2
71,15289,3,(BM25|STS)+Reranker+LLM,6
71,54843,3,(BM25|STS)+Reranker+LLM,10
71,69161,2,(BM25|STS)+Reranker+LLM,3
71,37601,2,(BM25|STS)+Reranker+LLM,4
71,22170,2,(BM25|STS)+Reranker+LLM,5
71,18320,2,(BM25|STS)+Reranker+LLM,7
71,40171,2,(BM25|STS)+Reranker+LLM,8
71,12032,2,(BM25|STS)+Reranker+LLM,9
71,34255,2,BM25+LLM,396
71,17233,1,BM25+LLM,431
71,20946,1,BM25+LLM,670
71,31276,1,BM25+LLM,762
71,21841,1,BM25+LLM,961
72,20970,3,(BM25|STS)+Reranker+LLM,1
72,21064,3,(BM25|STS)+Reranker+LLM,2
72,53641,3,(BM25|STS)+Reranker+LLM,3
72,15740,3,(BM25|STS)+Reranker+LLM,4
72,34126,3,(BM25|STS)+Reranker+LLM,5
72,2966,3,(BM25|STS)+Reranker+LLM,6
72,20506,3,(BM25|STS)+Reranker+LLM,7
72,37613,3,(BM25|STS)+Reranker+LLM,8
72,31689,3,(BM25|STS)+Reranker+LLM,9
72,21207,2,(BM25|STS)+Reranker+LLM,10
72,161,1,BM25+LLM,57
72,40647,1,BM25+LLM,294
72,11595,0,BM25+LLM,261
72,22155,0,BM25+LLM,485
72,18435,0,BM25+LLM,913
73,33082,3,(BM25|STS)+Reranker+LLM,1
73,133563,3,(BM25|STS)+Reranker+LLM,2
73,20506,3,(BM25|STS)+Reranker+LLM,4
73,21159,3,(BM25|STS)+Reranker+LLM,5
73,21229,3,(BM25|STS)+Reranker+LLM,6
73,20869,3,(BM25|STS)+Reranker+LLM,7
73,53641,3,(BM25|STS)+Reranker+LLM,8
73,15740,3,(BM25|STS)+Reranker+LLM,9
73,43098,2,(BM25|STS)+Reranker+LLM,3
73,53841,2,(BM25|STS)+Reranker+LLM,10
73,161,1,BM25+LLM,135
73,40647,1,BM25+LLM,497
73,22155,1,BM25+LLM,767
73,11595,0,BM25+LLM,450
73,35538,0,BM25+LLM,466
74,693,3,(BM25|STS)+Reranker+LLM,1
74,18399,3,(BM25|STS)+Reranker+LLM,6
74,18409,3,(BM25|STS)+Reranker+LLM,8
74,18954,3,(BM25|STS)+Reranker+LLM,9
74,31101,3,(BM25|STS)+Reranker+LLM,10
74,31061,2,(BM25|STS)+Reranker+LLM,2
74,18955,2,(BM25|STS)+Reranker+LLM,3
74,82570,2,(BM25|STS)+Reranker+LLM,4
74,14508,2,(BM25|STS)+Reranker+LLM,5
74,31060,2,(BM25|STS)+Reranker+LLM,7
74,20239,0,BM25+LLM,258
74,57955,0,BM25+LLM,332
74,22281,0,BM25+LLM,799
74,81742,0,BM25+LLM,830
74,17097,0,BM25+LLM,926
75,105994,3,(BM25|STS)+Reranker+LLM,1
75,26341,3,(BM25|STS)+Reranker+LLM,2
75,17017,3,(BM25|STS)+Reranker+LLM,3
75,9884,2,(BM25|STS)+Reranker+LLM,4
75,25289,2,(BM25|STS)+Reranker+LLM,6
75,102918,1,(BM25|STS)+Reranker+LLM,5
75,79794,1,(BM25|STS)+Reranker+LLM,7
75,135758,1,(BM25|STS)+Reranker+LLM,8
75,51117,1,(BM25|STS)+Reranker+LLM,9
75,19500,1,(BM25|STS)+Reranker+LLM,10
75,31583,1,BM25+LLM,245
75,22817,1,BM25+LLM,671
75,4777,0,BM25+LLM,120
75,25275,0,BM25+LLM,557
75,39668,0,BM25+LLM,596
76,33621,3,(BM25|STS)+Reranker+LLM,1
76,32402,3,(BM25|STS)+Reranker+LLM,2
76,32034,3,(BM25|STS)+Reranker+LLM,3
76,29832,3,(BM25|STS)+Reranker+LLM,4
76,29854,3,(BM25|STS)+Reranker+LLM,5
76,32024,3,(BM25|STS)+Reranker+LLM,6
76,29664,3,(BM25|STS)+Reranker+LLM,7
76,32035,3,(BM25|STS)+Reranker+LLM,8
76,44954,3,(BM25|STS)+Reranker+LLM,10
76,1846,2,(BM25|STS)+Reranker+LLM,9
76,13236,1,BM25+LLM,219
76,22886,1,BM25+LLM,235
76,38963,0,BM25+LLM,317
76,25671,0,BM25+LLM,737
76,146302,0,BM25+LLM,769
77,17105,3,(BM25|STS)+Reranker+LLM,1
77,104716,2,(BM25|STS)+Reranker+LLM,2
77,67871,2,(BM25|STS)+Reranker+LLM,3
77,17350,2,(BM25|STS)+Reranker+LLM,4
77,14485,2,(BM25|STS)+Reranker+LLM,5
77,16252,2,(BM25|STS)+Reranker+LLM,6
77,17275,2,(BM25|STS)+Reranker+LLM,9
77,107401,1,(BM25|STS)+Reranker+LLM,7
77,18183,1,(BM25|STS)+Reranker+LLM,8
77,20560,1,(BM25|STS)+Reranker+LLM,10
77,18086,1,BM25+LLM,60
77,32963,1,BM25+LLM,309
77,31627,1,BM25+LLM,466
77,91254,1,BM25+LLM,572
77,45859,0,BM25+LLM,238
78,14895,3,(BM25|STS)+Reranker+LLM,1
78,71456,3,(BM25|STS)+Reranker+LLM,2
78,17895,3,(BM25|STS)+Reranker+LLM,3
78,13226,3,(BM25|STS)+Reranker+LLM,7
78,67011,3,(BM25|STS)+Reranker+LLM,9
78,14555,3,(BM25|STS)+Reranker+LLM,10
78,17173,2,(BM25|STS)+Reranker+LLM,4
78,19410,2,(BM25|STS)+Reranker+LLM,5
78,19390,2,(BM25|STS)+Reranker+LLM,6
78,18860,2,(BM25|STS)+Reranker+LLM,8
78,31580,1,BM25+LLM,236
78,13564,1,BM25+LLM,257
78,21194,1,BM25+LLM,745
78,18081,0,BM25+LLM,424
78,72668,0,BM25+LLM,503
79,34290,3,(BM25|STS)+Reranker+LLM,1
79,31507,3,(BM25|STS)+Reranker+LLM,2
79,32925,2,(BM25|STS)+Reranker+LLM,3
79,34227,2,(BM25|STS)+Reranker+LLM,5
79,18265,2,(BM25|STS)+Reranker+LLM,6
79,18196,2,(BM25|STS)+Reranker+LLM,9
79,31681,1,(BM25|STS)+Reranker+LLM,4
79,18229,1,(BM25|STS)+Reranker+LLM,7
79,34940,1,(BM25|STS)+Reranker+LLM,8
79,51394,1,(BM25|STS)+Reranker+LLM,10
79,32922,1,BM25+LLM,135
79,90632,1,BM25+LLM,147
79,34306,1,BM25+LLM,964
79,18854,0,BM25+LLM,459
79,13563,0,BM25+LLM,502
80,31108,3,(BM25|STS)+Reranker+LLM,1
80,31104,3,(BM25|STS)+Reranker+LLM,2
80,17262,3,(BM25|STS)+Reranker+LLM,4
80,18047,3,(BM25|STS)+Reranker+LLM,9
80,31080,3,(BM25|STS)+Reranker+LLM,10
80,17821,2,(BM25|STS)+Reranker+LLM,3
80,14814,2,(BM25|STS)+Reranker+LLM,5
80,18390,2,(BM25|STS)+Reranker+LLM,6
80,21100,2,(BM25|STS)+Reranker+LLM,7
80,21101,2,(BM25|STS)+Reranker+LLM,8
80,20521,1,BM25+LLM,87
80,31598,1,BM25+LLM,327
80,29349,1,BM25+LLM,348
80,55237,1,BM25+LLM,519
80,29581,0,BM25+LLM,21
81,42820,3,(BM25|STS)+Reranker+LLM,1
81,42821,3,(BM25|STS)+Reranker+LLM,2
81,18902,2,(BM25|STS)+Reranker+LLM,10
81,17254,2,BM25+LLM,79
81,31108,1,(BM25|STS)+Reranker+LLM,3
81,17821,1,(BM25|STS)+Reranker+LLM,4
81,9751,1,(BM25|STS)+Reranker+LLM,5
81,41099,1,(BM25|STS)+Reranker+LLM,6
81,14814,1,(BM25|STS)+Reranker+LLM,8
81,31104,1,(BM25|STS)+Reranker+LLM,9
81,25964,1,BM25+LLM,18
81,24174,1,BM25+LLM,47
81,133054,1,BM25+LLM,71
81,34269,1,BM25+LLM,94
81,68308,0,(BM25|STS)+Reranker+LLM,7
82,17220,3,(BM25|STS)+Reranker+LLM,1
82,18386,2,(BM25|STS)+Reranker+LLM,7
82,35189,2,(BM25|STS)+Reranker+LLM,8
82,20569,1,(BM25|STS)+Reranker+LLM,2
82,47911,1,(BM25|STS)+Reranker+LLM,3
82,21104,1,(BM25|STS)+Reranker+LLM,4
82,32471,1,(BM25|STS)+Reranker+LLM,9
82,25995,1,(BM25|STS)+Reranker+LLM,10
82,19709,1,BM25+LLM,343
82,60736,0,(BM25|STS)+Reranker+LLM,5
82,19340,0,(BM25|STS)+Reranker+LLM,6
82,23064,0,BM25+LLM,82
82,23997,0,BM25+LLM,155
82,31147,0,BM25+LLM,515
82,57659,0,BM25+LLM,691
83,33080,2,(BM25|STS)+Reranker+LLM,1
83,33083,2,(BM25|STS)+Reranker+LLM,2
83,33081,2,(BM25|STS)+Reranker+LLM,3
83,33937,2,(BM25|STS)+Reranker+LLM,4
83,31669,2,(BM25|STS)+Reranker+LLM,5
83,32454,2,(BM25|STS)+Reranker+LLM,6
83,31680,2,(BM25|STS)+Reranker+LLM,7
83,31681,2,(BM25|STS)+Reranker+LLM,9
83,15096,2,(BM25|STS)+Reranker+LLM,10
83,17021,2,BM25+LLM,14
83,22854,1,(BM25|STS)+Reranker+LLM,8
83,20946,1,BM25+LLM,49
83,34924,1,BM25+LLM,105
83,35031,1,BM25+LLM,320
83,43957,0,BM25+LLM,258
84,22108,3,(BM25|STS)+Reranker+LLM,3
84,22841,2,(BM25|STS)+Reranker+LLM,1
84,21833,2,(BM25|STS)+Reranker+LLM,2
84,26874,2,(BM25|STS)+Reranker+LLM,4
84,80979,2,(BM25|STS)+Reranker+LLM,5
84,63725,2,(BM25|STS)+Reranker+LLM,6
84,18877,2,(BM25|STS)+Reranker+LLM,7
84,16982,2,(BM25|STS)+Reranker+LLM,8
84,22854,2,(BM25|STS)+Reranker+LLM,9
84,18285,1,(BM25|STS)+Reranker+LLM,10
84,102414,1,BM25+LLM,509
84,13123,1,BM25+LLM,549
84,31083,0,BM25+LLM,114
84,2127,0,BM25+LLM,455
84,18402,0,BM25+LLM,720
85,43098,3,(BM25|STS)+Reranker+LLM,1
85,22810,3,(BM25|STS)+Reranker+LLM,4
85,21834,3,(BM25|STS)+Reranker+LLM,5
85,18035,2,(BM25|STS)+Reranker+LLM,2
85,3225,2,(BM25|STS)+Reranker+LLM,3
85,33083,2,(BM25|STS)+Reranker+LLM,6
85,33954,2,(BM25|STS)+Reranker+LLM,7
85,21881,2,(BM25|STS)+Reranker+LLM,8
85,25577,2,(BM25|STS)+Reranker+LLM,9
85,14522,1,(BM25|STS)+Reranker+LLM,10
85,14515,1,BM25+LLM,90
85,34313,1,BM25+LLM,250
85,18392,1,BM25+LLM,564
85,20899,0,BM25+LLM,518
85,34668,0,BM25+LLM,794
86,62787,3,(BM25|STS)+Reranker+LLM,1
86,19403,3,(BM25|STS)+Reranker+LLM,2
86,55237,3,(BM25|STS)+Reranker+LLM,3
86,85586,3,(BM25|STS)+Reranker+LLM,4
86,75210,3,(BM25|STS)+Reranker+LLM,5
86,20495,3,(BM25|STS)+Reranker+LLM,6
86,104236,2,(BM25|STS)+Reranker+LLM,7
86,23588,2,(BM25|STS)+Reranker+LLM,8
86,18264,2,(BM25|STS)+Reranker+LLM,10
86,18888,2,BM25+LLM,97
86,142726,1,(BM25|STS)+Reranker+LLM,9
86,34130,1,BM25+LLM,163
86,71794,1,BM25+LLM,397
86,97198,0,BM25+LLM,626
86,14470,0,BM25+LLM,984
87,122028,3,(BM25|STS)+Reranker+LLM,1
87,21053,3,(BM25|STS)+Reranker+LLM,2
87,113541,3,(BM25|STS)+Reranker+LLM,5
87,15259,2,(BM25|STS)+Reranker+LLM,3
87,20533,2,(BM25|STS)+Reranker+LLM,8
87,21922,1,(BM25|STS)+Reranker+LLM,4
87,22107,1,(BM25|STS)+Reranker+LLM,6
87,32841,1,(BM25|STS)+Reranker+LLM,7
87,28885,1,(BM25|STS)+Reranker+LLM,9
87,18884,1,(BM25|STS)+Reranker+LLM,10
87,52875,1,BM25+LLM,149
87,42402,1,BM25+LLM,190
87,111519,0,BM25+LLM,793
87,27788,0,BM25+LLM,870
87,50845,0,BM25+LLM,903
88,15885,3,(BM25|STS)+Reranker+LLM,1
88,129357,3,(BM25|STS)+Reranker+LLM,2
88,22780,3,(BM25|STS)+Reranker+LLM,3
88,21939,3,(BM25|STS)+Reranker+LLM,4
88,97634,3,(BM25|STS)+Reranker+LLM,5
88,22803,3,(BM25|STS)+Reranker+LLM,10
88,13172,2,(BM25|STS)+Reranker+LLM,6
88,128556,2,(BM25|STS)+Reranker+LLM,7
88,65447,2,(BM25|STS)+Reranker+LLM,8
88,96554,2,(BM25|STS)+Reranker+LLM,9
88,22139,2,BM25+LLM,34
88,21818,1,BM25+LLM,696
88,76977,1,BM25+LLM,937
88,142758,0,BM25+LLM,646
88,25483,0,BM25+LLM,732
89,98454,3,(BM25|STS)+Reranker+LLM,1
89,34726,3,(BM25|STS)+Reranker+LLM,2
89,38824,3,(BM25|STS)+Reranker+LLM,4
89,68667,3,(BM25|STS)+Reranker+LLM,7
89,34929,2,(BM25|STS)+Reranker+LLM,3
89,34995,2,(BM25|STS)+Reranker+LLM,5
89,14890,2,(BM25|STS)+Reranker+LLM,6
89,16319,2,(BM25|STS)+Reranker+LLM,8
89,34890,2,(BM25|STS)+Reranker+LLM,9
89,34771,2,(BM25|STS)+Reranker+LLM,10
89,18870,1,BM25+LLM,170
89,44156,1,BM25+LLM,437
89,93766,0,BM25+LLM,416
89,33013,0,BM25+LLM,657
89,28936,0,BM25+LLM,782
90,79794,3,(BM25|STS)+Reranker+LLM,1
90,135758,3,(BM25|STS)+Reranker+LLM,2
90,12354,3,(BM25|STS)+Reranker+LLM,3
90,22773,3,(BM25|STS)+Reranker+LLM,4
90,22829,3,(BM25|STS)+Reranker+LLM,5
90,65447,2,(BM25|STS)+Reranker+LLM,7
90,21924,1,(BM25|STS)+Reranker+LLM,6
90,66344,1,(BM25|STS)+Reranker+LLM,8
90,94533,1,(BM25|STS)+Reranker+LLM,9
90,107714,1,(BM25|STS)+Reranker+LLM,10
90,117964,1,BM25+LLM,230
90,18296,1,BM25+LLM,284
90,33096,1,BM25+LLM,653
90,18197,1,BM25+LLM,682
90,33062,1,BM25+LLM,789
91,110879,3,(BM25|STS)+Reranker+LLM,1
91,29413,1,(BM25|STS)+Reranker+LLM,2
91,17867,1,(BM25|STS)+Reranker+LLM,3
91,31482,1,(BM25|STS)+Reranker+LLM,4
91,17840,1,(BM25|STS)+Reranker+LLM,5
91,28965,1,(BM25|STS)+Reranker+LLM,6
91,21173,1,(BM25|STS)+Reranker+LLM,7
91,20902,1,(BM25|STS)+Reranker+LLM,8
91,15054,1,(BM25|STS)+Reranker+LLM,9
91,15669,1,(BM25|STS)+Reranker+LLM,10
91,14287,1,BM25+LLM,104
91,10044,1,BM25+LLM,551
91,31465,0,BM25+LLM,80
91,89829,0,BM25+LLM,298
91,116159,0,BM25+LLM,555
92,45379,3,(BM25|STS)+Reranker+LLM,1
92,40328,3,(BM25|STS)+Reranker+LLM,2
92,2765,2,(BM25|STS)+Reranker+LLM,3
92,21128,1,(BM25|STS)+Reranker+LLM,4
92,17056,1,(BM25|STS)+Reranker+LLM,5
92,14820,1,(BM25|STS)+Reranker+LLM,6
92,34301,1,(BM25|STS)+Reranker+LLM,8
92,13694,1,(BM25|STS)+Reranker+LLM,9
92,107361,1,(BM25|STS)+Reranker+LLM,10
92,17953,1,BM25+LLM,76
92,15231,1,BM25+LLM,312
92,15848,0,(BM25|STS)+Reranker+LLM,7
92,32,0,BM25+LLM,24
92,15881,0,BM25+LLM,695
92,20501,0,BM25+LLM,856
93,20797,3,(BM25|STS)+Reranker+LLM,1
93,89880,2,(BM25|STS)+Reranker+LLM,2
93,19506,2,(BM25|STS)+Reranker+LLM,3
93,73371,2,(BM25|STS)+Reranker+LLM,4
93,19586,2,(BM25|STS)+Reranker+LLM,6
93,19539,2,(BM25|STS)+Reranker+LLM,8
93,19553,2,(BM25|STS)+Reranker+LLM,10
93,20604,1,(BM25|STS)+Reranker+LLM,5
93,20229,1,(BM25|STS)+Reranker+LLM,7
93,19593,1,(BM25|STS)+Reranker+LLM,9
93,23673,1,BM25+LLM,269
93,23972,1,BM25+LLM,359
93,49539,0,BM25+LLM,156
93,37254,0,BM25+LLM,323
93,131612,0,BM25+LLM,785
94,69027,3,(BM25|STS)+Reranker+LLM,1
94,54235,3,(BM25|STS)+Reranker+LLM,2
94,110655,3,(BM25|STS)+Reranker+LLM,3
94,133779,3,(BM25|STS)+Reranker+LLM,4
94,135564,3,(BM25|STS)+Reranker+LLM,5
94,16296,3,(BM25|STS)+Reranker+LLM,7
94,46467,3,(BM25|STS)+Reranker+LLM,8
94,26483,3,(BM25|STS)+Reranker+LLM,9
94,50448,2,(BM25|STS)+Reranker+LLM,6
94,87667,2,(BM25|STS)+Reranker+LLM,10
94,67781,1,BM25+LLM,418
94,142864,1,BM25+LLM,430
94,25675,1,BM25+LLM,642
94,27859,1,BM25+LLM,823
94,28201,0,BM25+LLM,931
95,86727,3,(BM25|STS)+Reranker+LLM,1
95,85914,3,(BM25|STS)+Reranker+LLM,2
95,27209,3,(BM25|STS)+Reranker+LLM,3
95,61975,3,(BM25|STS)+Reranker+LLM,4
95,43507,3,(BM25|STS)+Reranker+LLM,5
95,17306,3,(BM25|STS)+Reranker+LLM,6
95,20581,3,(BM25|STS)+Reranker+LLM,7
95,35676,3,(BM25|STS)+Reranker+LLM,8
95,21291,2,(BM25|STS)+Reranker+LLM,9
95,47183,2,(BM25|STS)+Reranker+LLM,10
95,21158,1,BM25+LLM,454
95,81554,0,BM25+LLM,129
95,17221,0,BM25+LLM,204
95,25466,0,BM25+LLM,446
95,116897,0,BM25+LLM,473
96,72668,3,(BM25|STS)+Reranker+LLM,1
96,20511,2,(BM25|STS)+Reranker+LLM,2
96,20908,2,(BM25|STS)+Reranker+LLM,4
96,29011,2,(BM25|STS)+Reranker+LLM,7
96,32426,2,(BM25|STS)+Reranker+LLM,8
96,31122,2,(BM25|STS)+Reranker+LLM,9
96,20509,1,(BM25|STS)+Reranker+LLM,3
96,32571,1,(BM25|STS)+Reranker+LLM,5
96,109695,1,(BM25|STS)+Reranker+LLM,6
96,51078,1,(BM25|STS)+Reranker+LLM,10
96,13369,1,BM25+LLM,247
96,31735,1,BM25+LLM,302
96,20879,1,BM25+LLM,309
96,6558,0,BM25+LLM,976
96,62874,0,BM25+LLM,978
97,452,3,(BM25|STS)+Reranker+LLM,1
97,20478,2,(BM25|STS)+Reranker+LLM,7
97,20613,2,(BM25|STS)+Reranker+LLM,9
97,140750,1,(BM25|STS)+Reranker+LLM,2
97,13190,1,(BM25|STS)+Reranker+LLM,3
97,16293,1,(BM25|STS)+Reranker+LLM,4
97,34136,1,(BM25|STS)+Reranker+LLM,5
97,20268,1,(BM25|STS)+Reranker+LLM,6
97,112967,1,(BM25|STS)+Reranker+LLM,8
97,19403,1,(BM25|STS)+Reranker+LLM,10
97,162,1,BM25+LLM,514
97,96280,1,BM25+LLM,989
97,19712,0,BM25+LLM,52
97,78854,0,BM25+LLM,403
97,15328,0,BM25+LLM,564
98,43880,3,(BM25|STS)+Reranker+LLM,1
98,75129,3,(BM25|STS)+Reranker+LLM,2
98,17124,3,(BM25|STS)+Reranker+LLM,3
98,18092,3,(BM25|STS)+Reranker+LLM,4
98,18410,3,(BM25|STS)+Reranker+LLM,5
98,18956,3,(BM25|STS)+Reranker+LLM,7
98,18029,2,(BM25|STS)+Reranker+LLM,10
98,31625,1,(BM25|STS)+Reranker+LLM,6
98,15750,1,(BM25|STS)+Reranker+LLM,8
98,43877,1,(BM25|STS)+Reranker+LLM,9
98,17262,1,BM25+LLM,126
98,18334,1,BM25+LLM,862
98,18046,1,BM25+LLM,900
98,32121,0,BM25+LLM,116
98,20525,0,BM25+LLM,273
99,64928,3,(BM25|STS)+Reranker+LLM,1
99,32920,2,(BM25|STS)+Reranker+LLM,2
99,18817,2,(BM25|STS)+Reranker+LLM,9
99,18213,2,(BM25|STS)+Reranker+LLM,10
99,15589,1,(BM25|STS)+Reranker+LLM,3
99,18602,1,(BM25|STS)+Reranker+LLM,4
99,16210,1,(BM25|STS)+Reranker+LLM,5
99,42798,1,(BM25|STS)+Reranker+LLM,6
99,66147,1,(BM25|STS)+Reranker+LLM,7
99,32911,1,(BM25|STS)+Reranker+LLM,8
99,16325,1,BM25+LLM,19
99,20839,1,BM25+LLM,353
99,31667,0,BM25+LLM,485
99,28918,0,BM25+LLM,547
99,129131,0,BM25+LLM,940
100,16274,3,(BM25|STS)+Reranker+LLM,4
100,39043,3,(BM25|STS)+Reranker+LLM,6
100,71349,3,(BM25|STS)+Reranker+LLM,8
100,17892,2,(BM25|STS)+Reranker+LLM,1
100,39042,2,(BM25|STS)+Reranker+LLM,2
100,18283,2,(BM25|STS)+Reranker+LLM,3
100,34219,2,(BM25|STS)+Reranker+LLM,5
100,39040,2,(BM25|STS)+Reranker+LLM,7
100,18234,2,(BM25|STS)+Reranker+LLM,9
100,18278,1,(BM25|STS)+Reranker+LLM,10
100,16098,1,BM25+LLM,249
100,30062,0,BM25+LLM,488
100,30925,0,BM25+LLM,588
100,83114,0,BM25+LLM,730
100,34010,0,BM25+LLM,903
101,2845,3,(BM25|STS)+Reranker+LLM,1
101,5714,3,(BM25|STS)+Reranker+LLM,3
101,17360,2,(BM25|STS)+Reranker+LLM,2
101,149533,2,(BM25|STS)+Reranker+LLM,6
101,18865,2,(BM25|STS)+Reranker+LLM,7
101,58593,1,(BM25|STS)+Reranker+LLM,4
101,14862,1,(BM25|STS)+Reranker+LLM,5
101,17929,1,(BM25|STS)+Reranker+LLM,8
101,19399,1,(BM25|STS)+Reranker+LLM,9
101,34102,1,(BM25|STS)+Reranker+LLM,10
101,32963,0,BM25+LLM,311
101,34113,0,BM25+LLM,432
101,33481,0,BM25+LLM,676
101,21838,0,BM25+LLM,698
101,15187,0,BM25+LLM,880
102,72733,3,(BM25|STS)+Reranker+LLM,1
102,106389,3,(BM25|STS)+Reranker+LLM,2
102,36391,3,(BM25|STS)+Reranker+LLM,3
102,139391,3,(BM25|STS)+Reranker+LLM,4
102,25711,3,(BM25|STS)+Reranker+LLM,5
102,43860,3,(BM25|STS)+Reranker+LLM,6
102,150633,3,(BM25|STS)+Reranker+LLM,10
102,25645,2,(BM25|STS)+Reranker+LLM,7
102,14500,2,(BM25|STS)+Reranker+LLM,8
102,22871,2,(BM25|STS)+Reranker+LLM,9
102,104533,2,BM25+LLM,458
102,98592,1,BM25+LLM,756
102,43800,0,BM25+LLM,237
102,83774,0,BM25+LLM,446
102,28487,0,BM25+LLM,532
103,48357,3,(BM25|STS)+Reranker+LLM,1
103,22789,3,(BM25|STS)+Reranker+LLM,2
103,26373,3,(BM25|STS)+Reranker+LLM,3
103,25757,3,(BM25|STS)+Reranker+LLM,4
103,21817,3,(BM25|STS)+Reranker+LLM,5
103,31662,3,(BM25|STS)+Reranker+LLM,6
103,22212,3,(BM25|STS)+Reranker+LLM,7
103,33935,3,(BM25|STS)+Reranker+LLM,8
103,22211,3,(BM25|STS)+Reranker+LLM,9
103,19407,3,(BM25|STS)+Reranker+LLM,10
103,36389,0,BM25+LLM,241
103,92844,0,BM25+LLM,319
103,34124,0,BM25+LLM,599
103,17262,0,BM25+LLM,777
103,21042,0,BM25+LLM,879
104,26373,3,(BM25|STS)+Reranker+LLM,1
104,25757,3,(BM25|STS)+Reranker+LLM,2
104,21817,3,(BM25|STS)+Reranker+LLM,3
104,22211,3,(BM25|STS)+Reranker+LLM,4
104,22212,3,(BM25|STS)+Reranker+LLM,5
104,19407,3,(BM25|STS)+Reranker+LLM,6
104,21853,3,(BM25|STS)+Reranker+LLM,7
104,48357,3,(BM25|STS)+Reranker+LLM,8
104,31662,3,(BM25|STS)+Reranker+LLM,9
104,22135,3,(BM25|STS)+Reranker+LLM,10
104,17967,1,BM25+LLM,599
104,28862,0,BM25+LLM,632
104,34781,0,BM25+LLM,640
104,13600,0,BM25+LLM,651
104,74062,0,BM25+LLM,929
105,19451,3,(BM25|STS)+Reranker+LLM,1
105,120633,3,(BM25|STS)+Reranker+LLM,2
105,22174,3,(BM25|STS)+Reranker+LLM,3
105,17993,3,(BM25|STS)+Reranker+LLM,4
105,17992,3,(BM25|STS)+Reranker+LLM,5
105,92532,2,(BM25|STS)+Reranker+LLM,6
105,149562,2,(BM25|STS)+Reranker+LLM,7
105,120425,2,(BM25|STS)+Reranker+LLM,8
105,18060,2,(BM25|STS)+Reranker+LLM,9
105,35189,1,(BM25|STS)+Reranker+LLM,10
105,16090,1,BM25+LLM,814
105,18252,0,BM25+LLM,318
105,29392,0,BM25+LLM,406
105,27031,0,BM25+LLM,848
105,34129,0,BM25+LLM,886
106,18865,3,(BM25|STS)+Reranker+LLM,1
106,31249,2,(BM25|STS)+Reranker+LLM,2
106,31278,2,(BM25|STS)+Reranker+LLM,4
106,2845,2,(BM25|STS)+Reranker+LLM,6
106,17360,2,(BM25|STS)+Reranker+LLM,10
106,14114,1,(BM25|STS)+Reranker+LLM,3
106,31250,1,(BM25|STS)+Reranker+LLM,5
106,17267,1,(BM25|STS)+Reranker+LLM,7
106,17158,1,(BM25|STS)+Reranker+LLM,8
106,31252,1,(BM25|STS)+Reranker+LLM,9
106,14270,1,BM25+LLM,112
106,18269,1,BM25+LLM,124
106,18828,1,BM25+LLM,648
106,135197,0,BM25+LLM,308
106,20501,0,BM25+LLM,400
107,5714,3,(BM25|STS)+Reranker+LLM,1
107,14268,2,(BM25|STS)+Reranker+LLM,7
107,14279,2,(BM25|STS)+Reranker+LLM,10
107,32866,1,(BM25|STS)+Reranker+LLM,2
107,18124,1,(BM25|STS)+Reranker+LLM,3
107,21936,1,(BM25|STS)+Reranker+LLM,4
107,47857,1,(BM25|STS)+Reranker+LLM,5
107,21196,1,(BM25|STS)+Reranker+LLM,9
107,31236,0,(BM25|STS)+Reranker+LLM,6
107,130264,0,(BM25|STS)+Reranker+LLM,8
107,7109,0,BM25+LLM,87
107,1104,0,BM25+LLM,363
107,17730,0,BM25+LLM,623
107,35336,0,BM25+LLM,821
107,16950,0,BM25+LLM,853
108,123011,3,(BM25|STS)+Reranker+LLM,1
108,71433,3,(BM25|STS)+Reranker+LLM,2
108,36637,2,(BM25|STS)+Reranker+LLM,3
108,55607,2,(BM25|STS)+Reranker+LLM,4
108,96554,2,(BM25|STS)+Reranker+LLM,5
108,13172,2,(BM25|STS)+Reranker+LLM,6
108,34140,2,(BM25|STS)+Reranker+LLM,7
108,34129,2,(BM25|STS)+Reranker+LLM,8
108,17967,2,(BM25|STS)+Reranker+LLM,9
108,34323,2,(BM25|STS)+Reranker+LLM,10
108,33916,1,BM25+LLM,156
108,21852,1,BM25+LLM,914
108,33939,1,BM25+LLM,933
108,144609,0,BM25+LLM,848
108,8693,0,BM25+LLM,866
109,109695,3,(BM25|STS)+Reranker+LLM,1
109,67390,3,(BM25|STS)+Reranker+LLM,2
109,12949,3,(BM25|STS)+Reranker+LLM,3
109,17090,3,(BM25|STS)+Reranker+LLM,5
109,12696,3,(BM25|STS)+Reranker+LLM,6
109,118873,3,(BM25|STS)+Reranker+LLM,10
109,108415,2,(BM25|STS)+Reranker+LLM,4
109,17109,2,(BM25|STS)+Reranker+LLM,8
109,18015,2,(BM25|STS)+Reranker+LLM,9
109,18017,2,BM25+LLM,10
109,122672,1,(BM25|STS)+Reranker+LLM,7
109,21913,1,BM25+LLM,75
109,109139,1,BM25+LLM,290
109,33014,1,BM25+LLM,900
109,18290,0,BM25+LLM,713
110,9989,3,(BM25|STS)+Reranker+LLM,1
110,34672,3,(BM25|STS)+Reranker+LLM,2
110,63595,3,(BM25|STS)+Reranker+LLM,3
110,35258,3,(BM25|STS)+Reranker+LLM,4
110,111444,3,(BM25|STS)+Reranker+LLM,5
110,145500,3,(BM25|STS)+Reranker+LLM,6
110,35428,3,(BM25|STS)+Reranker+LLM,8
110,137127,3,(BM25|STS)+Reranker+LLM,9
110,35435,3,(BM25|STS)+Reranker+LLM,10
110,118076,2,(BM25|STS)+Reranker+LLM,7
110,34899,1,BM25+LLM,758
110,58162,1,BM25+LLM,858
110,18163,0,BM25+LLM,525
110,19358,0,BM25+LLM,573
110,13675,0,BM25+LLM,834
111,44162,3,(BM25|STS)+Reranker+LLM,1
111,42972,2,(BM25|STS)+Reranker+LLM,5
111,72884,2,(BM25|STS)+Reranker+LLM,6
111,42166,2,(BM25|STS)+Reranker+LLM,8
111,17128,1,(BM25|STS)+Reranker+LLM,2
111,27074,1,(BM25|STS)+Reranker+LLM,3
111,54765,1,(BM25|STS)+Reranker+LLM,4
111,18873,1,(BM25|STS)+Reranker+LLM,7
111,32960,1,(BM25|STS)+Reranker+LLM,9
111,33308,1,(BM25|STS)+Reranker+LLM,10
111,122181,1,BM25+LLM,499
111,19390,0,BM25+LLM,233
111,30070,0,BM25+LLM,454
111,30,0,BM25+LLM,525
111,19402,0,BM25+LLM,797
112,107361,3,(BM25|STS)+Reranker+LLM,2
112,13694,3,(BM25|STS)+Reranker+LLM,3
112,125359,2,(BM25|STS)+Reranker+LLM,1
112,32949,2,(BM25|STS)+Reranker+LLM,5
112,116893,2,(BM25|STS)+Reranker+LLM,7
112,20928,2,(BM25|STS)+Reranker+LLM,10
112,32918,1,(BM25|STS)+Reranker+LLM,6
112,42817,1,(BM25|STS)+Reranker+LLM,8
112,42635,1,(BM25|STS)+Reranker+LLM,9
112,41478,1,BM25+LLM,404
112,34882,0,(BM25|STS)+Reranker+LLM,4
112,8960,0,BM25+LLM,118
112,15214,0,BM25+LLM,329
112,18290,0,BM25+LLM,381
112,76094,0,BM25+LLM,977
113,13583,3,(BM25|STS)+Reranker+LLM,1
113,17184,3,(BM25|STS)+Reranker+LLM,2
113,36337,3,(BM25|STS)+Reranker+LLM,3
113,57781,2,(BM25|STS)+Reranker+LLM,4
113,4856,2,(BM25|STS)+Reranker+LLM,5
113,43804,2,(BM25|STS)+Reranker+LLM,6
113,83994,2,(BM25|STS)+Reranker+LLM,7
113,75014,2,(BM25|STS)+Reranker+LLM,8
113,109923,2,(BM25|STS)+Reranker+LLM,9
113,34746,2,(BM25|STS)+Reranker+LLM,10
113,18086,1,BM25+LLM,66
113,14597,1,BM25+LLM,362
113,35023,1,BM25+LLM,430
113,106904,1,BM25+LLM,472
113,35405,0,BM25+LLM,478
114,31629,3,(BM25|STS)+Reranker+LLM,1
114,21864,3,(BM25|STS)+Reranker+LLM,2
114,13145,3,(BM25|STS)+Reranker+LLM,3
114,22944,3,(BM25|STS)+Reranker+LLM,6
114,16996,3,(BM25|STS)+Reranker+LLM,7
114,21789,3,(BM25|STS)+Reranker+LLM,8
114,21135,3,(BM25|STS)+Reranker+LLM,9
114,103458,3,(BM25|STS)+Reranker+LLM,10
114,35676,2,(BM25|STS)+Reranker+LLM,4
114,15253,2,(BM25|STS)+Reranker+LLM,5
114,22170,2,BM25+LLM,368
114,49694,1,BM25+LLM,540
114,47593,1,BM25+LLM,582
114,21128,0,BM25+LLM,248
114,91474,0,BM25+LLM,672
115,21864,3,(BM25|STS)+Reranker+LLM,1
115,21135,3,(BM25|STS)+Reranker+LLM,2
115,22813,3,(BM25|STS)+Reranker+LLM,3
115,31629,3,(BM25|STS)+Reranker+LLM,5
115,18410,2,(BM25|STS)+Reranker+LLM,4
115,142364,2,(BM25|STS)+Reranker+LLM,6
115,103458,2,(BM25|STS)+Reranker+LLM,7
115,59211,2,(BM25|STS)+Reranker+LLM,8
115,70748,2,(BM25|STS)+Reranker+LLM,9
115,22165,2,(BM25|STS)+Reranker+LLM,10
115,21235,1,BM25+LLM,89
115,34214,1,BM25+LLM,94
115,18816,1,BM25+LLM,336
115,31607,1,BM25+LLM,481
115,31549,1,BM25+LLM,542
116,52912,3,(BM25|STS)+Reranker+LLM,1
116,147727,3,(BM25|STS)+Reranker+LLM,2
116,16895,3,(BM25|STS)+Reranker+LLM,3
116,45015,3,(BM25|STS)+Reranker+LLM,4
116,22168,3,(BM25|STS)+Reranker+LLM,5
116,20500,3,(BM25|STS)+Reranker+LLM,6
116,50537,3,(BM25|STS)+Reranker+LLM,7
116,14526,3,(BM25|STS)+Reranker+LLM,8
116,62306,3,(BM25|STS)+Reranker+LLM,9
116,20561,3,(BM25|STS)+Reranker+LLM,10
116,14886,1,BM25+LLM,955
116,31916,0,BM25+LLM,90
116,14553,0,BM25+LLM,168
116,16889,0,BM25+LLM,455
116,28461,0,BM25+LLM,882
117,10089,3,(BM25|STS)+Reranker+LLM,1
117,49135,3,(BM25|STS)+Reranker+LLM,2
117,17209,3,(BM25|STS)+Reranker+LLM,3
117,11612,3,(BM25|STS)+Reranker+LLM,4
117,15532,3,(BM25|STS)+Reranker+LLM,6
117,17249,3,(BM25|STS)+Reranker+LLM,7
117,17206,3,(BM25|STS)+Reranker+LLM,8
117,18019,3,(BM25|STS)+Reranker+LLM,9
117,17204,3,(BM25|STS)+Reranker+LLM,10
117,17089,2,(BM25|STS)+Reranker+LLM,5
117,20873,1,BM25+LLM,477
117,93978,0,BM25+LLM,238
117,6554,0,BM25+LLM,395
117,18026,0,BM25+LLM,895
117,53176,0,BM25+LLM,986
118,104455,3,(BM25|STS)+Reranker+LLM,1
118,17206,2,(BM25|STS)+Reranker+LLM,5
118,18019,2,(BM25|STS)+Reranker+LLM,7
118,10089,2,(BM25|STS)+Reranker+LLM,8
118,49135,2,(BM25|STS)+Reranker+LLM,9
118,15532,1,(BM25|STS)+Reranker+LLM,2
118,17249,1,(BM25|STS)+Reranker+LLM,3
118,59842,1,(BM25|STS)+Reranker+LLM,4
118,13657,1,(BM25|STS)+Reranker+LLM,6
118,139160,1,(BM25|STS)+Reranker+LLM,10
118,21091,0,BM25+LLM,26
118,22107,0,BM25+LLM,41
118,46793,0,BM25+LLM,425
118,27777,0,BM25+LLM,526
118,66344,0,BM25+LLM,550
119,34132,3,(BM25|STS)+Reranker+LLM,1
119,34146,3,(BM25|STS)+Reranker+LLM,2
119,13633,3,(BM25|STS)+Reranker+LLM,3
119,37519,3,(BM25|STS)+Reranker+LLM,4
119,18920,3,(BM25|STS)+Reranker+LLM,8
119,33054,3,(BM25|STS)+Reranker+LLM,9
119,21867,2,(BM25|STS)+Reranker+LLM,5
119,28920,2,(BM25|STS)+Reranker+LLM,7
119,31653,2,(BM25|STS)+Reranker+LLM,10
119,17191,1,(BM25|STS)+Reranker+LLM,6
119,117370,1,BM25+LLM,15
119,13563,1,BM25+LLM,66
119,20854,0,BM25+LLM,761
119,22982,0,BM25+LLM,864
119,16945,0,BM25+LLM,918
120,13553,3,(BM25|STS)+Reranker+LLM,1
120,9775,3,(BM25|STS)+Reranker+LLM,3
120,29129,3,(BM25|STS)+Reranker+LLM,4
120,82005,3,(BM25|STS)+Reranker+LLM,5
120,55897,3,(BM25|STS)+Reranker+LLM,6
120,17012,3,(BM25|STS)+Reranker+LLM,7
120,18900,3,(BM25|STS)+Reranker+LLM,8
120,44207,3,(BM25|STS)+Reranker+LLM,10
120,40641,3,BM25+LLM,54
120,31005,2,(BM25|STS)+Reranker+LLM,2
120,25445,2,(BM25|STS)+Reranker+LLM,9
120,112346,1,BM25+LLM,198
120,34898,0,BM25+LLM,386
120,103548,0,BM25+LLM,604
120,37628,0,BM25+LLM,771
121,22164,3,(BM25|STS)+Reranker+LLM,1
121,22165,3,(BM25|STS)+Reranker+LLM,2
121,22170,3,(BM25|STS)+Reranker+LLM,3
121,142364,3,(BM25|STS)+Reranker+LLM,4
121,117370,3,BM25+LLM,65
121,50140,2,(BM25|STS)+Reranker+LLM,5
121,28189,2,(BM25|STS)+Reranker+LLM,6
121,103458,2,(BM25|STS)+Reranker+LLM,7
121,59211,2,(BM25|STS)+Reranker+LLM,8
121,70748,2,(BM25|STS)+Reranker+LLM,9
121,43879,2,(BM25|STS)+Reranker+LLM,10
121,136013,1,BM25+LLM,39
121,84986,1,BM25+LLM,64
121,28921,0,BM25+LLM,271
121,21877,0,BM25+LLM,275
122,20970,3,(BM25|STS)+Reranker+LLM,1
122,20506,3,(BM25|STS)+Reranker+LLM,2
122,37613,3,(BM25|STS)+Reranker+LLM,3
122,53641,3,(BM25|STS)+Reranker+LLM,4
122,15740,3,(BM25|STS)+Reranker+LLM,5
122,2966,3,(BM25|STS)+Reranker+LLM,6
122,47161,3,(BM25|STS)+Reranker+LLM,7
122,21159,3,(BM25|STS)+Reranker+LLM,8
122,31689,3,(BM25|STS)+Reranker+LLM,9
122,34126,3,(BM25|STS)+Reranker+LLM,10
122,161,1,BM25+LLM,72
122,20956,0,BM25+LLM,331
122,11595,0,BM25+LLM,755
122,40647,0,BM25+LLM,787
122,31153,0,BM25+LLM,840
123,133563,3,(BM25|STS)+Reranker+LLM,1
123,33082,3,(BM25|STS)+Reranker+LLM,2
123,21229,3,(BM25|STS)+Reranker+LLM,4
123,20506,3,(BM25|STS)+Reranker+LLM,5
123,13702,3,(BM25|STS)+Reranker+LLM,6
123,31679,3,(BM25|STS)+Reranker+LLM,7
123,43098,2,(BM25|STS)+Reranker+LLM,3
123,47161,2,(BM25|STS)+Reranker+LLM,8
123,37613,2,(BM25|STS)+Reranker+LLM,9
123,20871,2,(BM25|STS)+Reranker+LLM,10
123,36752,1,BM25+LLM,50
123,17298,1,BM25+LLM,132
123,13645,1,BM25+LLM,386
123,30121,0,BM25+LLM,899
123,91180,0,BM25+LLM,998
124,693,3,(BM25|STS)+Reranker+LLM,1
124,18955,3,(BM25|STS)+Reranker+LLM,3
124,32589,3,(BM25|STS)+Reranker+LLM,6
124,82570,2,(BM25|STS)+Reranker+LLM,2
124,14508,2,(BM25|STS)+Reranker+LLM,4
124,31061,2,(BM25|STS)+Reranker+LLM,5
124,14253,2,(BM25|STS)+Reranker+LLM,7
124,14269,2,(BM25|STS)+Reranker+LLM,9
124,18949,1,(BM25|STS)+Reranker+LLM,8
124,91914,1,(BM25|STS)+Reranker+LLM,10
124,18080,1,BM25+LLM,38
124,100899,0,BM25+LLM,162
124,15852,0,BM25+LLM,565
124,14878,0,BM25+LLM,720
124,17270,0,BM25+LLM,953
125,105994,3,(BM25|STS)+Reranker+LLM,1
125,17017,2,(BM25|STS)+Reranker+LLM,2
125,26341,2,(BM25|STS)+Reranker+LLM,4
125,9884,1,(BM25|STS)+Reranker+LLM,3
125,102918,1,(BM25|STS)+Reranker+LLM,5
125,123331,1,(BM25|STS)+Reranker+LLM,6
125,4831,1,(BM25|STS)+Reranker+LLM,7
125,21879,1,(BM25|STS)+Reranker+LLM,8
125,19500,1,(BM25|STS)+Reranker+LLM,9
125,16948,1,(BM25|STS)+Reranker+LLM,10
125,22795,1,BM25+LLM,166
125,33118,1,BM25+LLM,813
125,19618,0,BM25+LLM,406
125,14553,0,BM25+LLM,879
125,32866,0,BM25+LLM,950
126,33621,3,(BM25|STS)+Reranker+LLM,1
126,32034,3,(BM25|STS)+Reranker+LLM,2
126,32024,3,(BM25|STS)+Reranker+LLM,3
126,29664,3,(BM25|STS)+Reranker+LLM,4
126,29854,3,(BM25|STS)+Reranker+LLM,5
126,32402,3,(BM25|STS)+Reranker+LLM,6
126,29832,3,(BM25|STS)+Reranker+LLM,7
126,1846,3,(BM25|STS)+Reranker+LLM,8
126,44954,3,(BM25|STS)+Reranker+LLM,9
126,76845,3,(BM25|STS)+Reranker+LLM,10
126,58425,1,BM25+LLM,98
126,13323,0,BM25+LLM,141
126,85442,0,BM25+LLM,147
126,56658,0,BM25+LLM,418
126,15781,0,BM25+LLM,823
127,17105,3,(BM25|STS)+Reranker+LLM,1
127,17137,3,(BM25|STS)+Reranker+LLM,2
127,17350,3,(BM25|STS)+Reranker+LLM,4
127,32902,3,(BM25|STS)+Reranker+LLM,6
127,104716,3,(BM25|STS)+Reranker+LLM,7
127,67871,3,(BM25|STS)+Reranker+LLM,8
127,16252,3,(BM25|STS)+Reranker+LLM,9
127,40893,2,(BM25|STS)+Reranker+LLM,3
127,14485,2,(BM25|STS)+Reranker+LLM,5
127,18831,2,(BM25|STS)+Reranker+LLM,10
127,107859,1,BM25+LLM,605
127,25137,1,BM25+LLM,788
127,39668,0,BM25+LLM,625
127,15406,0,BM25+LLM,649
127,87007,0,BM25+LLM,749
128,67011,3,(BM25|STS)+Reranker+LLM,10
128,71456,2,(BM25|STS)+Reranker+LLM,1
128,14895,2,(BM25|STS)+Reranker+LLM,2
128,19410,2,(BM25|STS)+Reranker+LLM,5
128,19398,2,(BM25|STS)+Reranker+LLM,7
128,18860,2,(BM25|STS)+Reranker+LLM,8
128,19390,2,(BM25|STS)+Reranker+LLM,9
128,35620,1,(BM25|STS)+Reranker+LLM,3
128,17306,1,(BM25|STS)+Reranker+LLM,4
128,47183,1,(BM25|STS)+Reranker+LLM,6
128,31546,1,BM25+LLM,715
128,17223,0,BM25+LLM,109
128,20522,0,BM25+LLM,412
128,5182,0,BM25+LLM,608
128,18081,0,BM25+LLM,996
129,31507,3,(BM25|STS)+Reranker+LLM,1
129,34290,3,(BM25|STS)+Reranker+LLM,2
129,32925,2,(BM25|STS)+Reranker+LLM,3
129,19417,2,(BM25|STS)+Reranker+LLM,4
129,32923,2,(BM25|STS)+Reranker+LLM,5
129,32936,2,(BM25|STS)+Reranker+LLM,6
129,19385,2,(BM25|STS)+Reranker+LLM,7
129,18820,2,(BM25|STS)+Reranker+LLM,8
129,31508,2,(BM25|STS)+Reranker+LLM,9
129,14839,1,BM25+LLM,672
129,31681,0,(BM25|STS)+Reranker+LLM,10
129,21894,0,BM25+LLM,212
129,25890,0,BM25+LLM,593
129,6559,0,BM25+LLM,823
129,14894,0,BM25+LLM,919
130,31104,3,(BM25|STS)+Reranker+LLM,1
130,31108,3,(BM25|STS)+Reranker+LLM,2
130,17821,2,(BM25|STS)+Reranker+LLM,3
130,42820,2,(BM25|STS)+Reranker+LLM,4
130,17262,2,(BM25|STS)+Reranker+LLM,5
130,9751,2,(BM25|STS)+Reranker+LLM,6
130,31080,1,(BM25|STS)+Reranker+LLM,7
130,45338,1,(BM25|STS)+Reranker+LLM,8
130,18390,1,(BM25|STS)+Reranker+LLM,9
130,21100,1,(BM25|STS)+Reranker+LLM,10
130,31816,0,BM25+LLM,12
130,48949,0,BM25+LLM,493
130,14526,0,BM25+LLM,570
130,15253,0,BM25+LLM,677
130,21167,0,BM25+LLM,887
131,42821,3,(BM25|STS)+Reranker+LLM,1
131,42820,3,(BM25|STS)+Reranker+LLM,2
131,17254,3,(BM25|STS)+Reranker+LLM,5
131,18080,2,(BM25|STS)+Reranker+LLM,4
131,31080,2,(BM25|STS)+Reranker+LLM,8
131,14814,2,(BM25|STS)+Reranker+LLM,9
131,18416,1,(BM25|STS)+Reranker+LLM,3
131,17206,1,(BM25|STS)+Reranker+LLM,6
131,31931,1,(BM25|STS)+Reranker+LLM,7
131,29601,1,(BM25|STS)+Reranker+LLM,10
131,15415,0,BM25+LLM,445
131,25465,0,BM25+LLM,688
131,31293,0,BM25+LLM,781
131,16903,0,BM25+LLM,827
131,28871,0,BM25+LLM,836
132,17220,3,(BM25|STS)+Reranker+LLM,1
132,18386,2,(BM25|STS)+Reranker+LLM,5
132,14882,2,(BM25|STS)+Reranker+LLM,6
132,20569,1,(BM25|STS)+Reranker+LLM,2
132,47911,1,(BM25|STS)+Reranker+LLM,3
132,21253,1,(BM25|STS)+Reranker+LLM,7
132,60736,1,(BM25|STS)+Reranker+LLM,9
132,28869,1,(BM25|STS)+Reranker+LLM,10
132,34031,1,BM25+LLM,524
132,33763,0,(BM25|STS)+Reranker+LLM,4
132,13611,0,(BM25|STS)+Reranker+LLM,8
132,29565,0,BM25+LLM,110
132,77814,0,BM25+LLM,594
132,130165,0,BM25+LLM,704
132,18331,0,BM25+LLM,784
133,33080,3,(BM25|STS)+Reranker+LLM,1
133,33083,2,(BM25|STS)+Reranker+LLM,2
133,33081,2,(BM25|STS)+Reranker+LLM,3
133,32454,2,(BM25|STS)+Reranker+LLM,4
133,33937,2,(BM25|STS)+Reranker+LLM,5
133,31669,2,(BM25|STS)+Reranker+LLM,6
133,69047,2,(BM25|STS)+Reranker+LLM,8
133,31680,2,(BM25|STS)+Reranker+LLM,10
133,98622,1,(BM25|STS)+Reranker+LLM,7
133,69557,1,(BM25|STS)+Reranker+LLM,9
133,16857,1,BM25+LLM,40
133,23125,1,BM25+LLM,403
133,23550,1,BM25+LLM,626
133,43356,0,BM25+LLM,166
133,51393,0,BM25+LLM,250
134,22108,3,(BM25|STS)+Reranker+LLM,2
134,18877,3,(BM25|STS)+Reranker+LLM,3
134,21833,3,(BM25|STS)+Reranker+LLM,4
134,80979,3,(BM25|STS)+Reranker+LLM,6
134,22841,2,(BM25|STS)+Reranker+LLM,1
134,26874,2,(BM25|STS)+Reranker+LLM,5
134,63725,2,(BM25|STS)+Reranker+LLM,7
134,85539,2,(BM25|STS)+Reranker+LLM,8
134,18285,2,(BM25|STS)+Reranker+LLM,9
134,22854,2,(BM25|STS)+Reranker+LLM,10
134,121754,1,BM25+LLM,442
134,33093,1,BM25+LLM,764
134,17294,0,BM25+LLM,62
134,29657,0,BM25+LLM,765
134,31072,0,BM25+LLM,935
135,43098,3,(BM25|STS)+Reranker+LLM,1
135,22781,3,(BM25|STS)+Reranker+LLM,2
135,33083,3,(BM25|STS)+Reranker+LLM,4
135,85539,3,(BM25|STS)+Reranker+LLM,7
135,31669,3,(BM25|STS)+Reranker+LLM,9
135,21922,3,(BM25|STS)+Reranker+LLM,10
135,22777,2,(BM25|STS)+Reranker+LLM,3
135,33081,2,(BM25|STS)+Reranker+LLM,5
135,22854,2,(BM25|STS)+Reranker+LLM,8
135,32977,1,(BM25|STS)+Reranker+LLM,6
135,2983,1,BM25+LLM,52
135,72884,1,BM25+LLM,943
135,21211,0,BM25+LLM,490
135,35179,0,BM25+LLM,813
135,85494,0,BM25+LLM,903
136,85586,3,(BM25|STS)+Reranker+LLM,1
136,75210,3,(BM25|STS)+Reranker+LLM,2
136,55237,3,(BM25|STS)+Reranker+LLM,3
136,20495,3,(BM25|STS)+Reranker+LLM,4
136,62787,3,(BM25|STS)+Reranker+LLM,5
136,19403,3,(BM25|STS)+Reranker+LLM,6
136,70057,2,(BM25|STS)+Reranker+LLM,7
136,18911,2,(BM25|STS)+Reranker+LLM,8
136,20498,2,(BM25|STS)+Reranker+LLM,9
136,18264,2,(BM25|STS)+Reranker+LLM,10
136,4263,1,BM25+LLM,110
136,57935,0,BM25+LLM,64
136,14622,0,BM25+LLM,642
136,21231,0,BM25+LLM,728
136,32325,0,BM25+LLM,905
137,122028,3,(BM25|STS)+Reranker+LLM,1
137,131880,3,(BM25|STS)+Reranker+LLM,2
137,113541,3,(BM25|STS)+Reranker+LLM,3
137,11684,2,(BM25|STS)+Reranker+LLM,4
137,15259,2,(BM25|STS)+Reranker+LLM,5
137,20533,2,(BM25|STS)+Reranker+LLM,6
137,135146,2,(BM25|STS)+Reranker+LLM,8
137,21053,2,(BM25|STS)+Reranker+LLM,9
137,21922,1,(BM25|STS)+Reranker+LLM,7
137,21859,1,(BM25|STS)+Reranker+LLM,10
137,25442,1,BM25+LLM,315
137,47240,0,BM25+LLM,401
137,18285,0,BM25+LLM,527
137,22992,0,BM25+LLM,630
137,113273,0,BM25+LLM,795
138,22780,3,(BM25|STS)+Reranker+LLM,1
138,15885,3,(BM25|STS)+Reranker+LLM,2
138,129357,3,(BM25|STS)+Reranker+LLM,3
138,13172,3,(BM25|STS)+Reranker+LLM,4
138,96554,3,(BM25|STS)+Reranker+LLM,5
138,21939,3,(BM25|STS)+Reranker+LLM,6
138,22803,3,(BM25|STS)+Reranker+LLM,7
138,22150,3,(BM25|STS)+Reranker+LLM,8
138,97634,3,(BM25|STS)+Reranker+LLM,9
138,22149,3,(BM25|STS)+Reranker+LLM,10
138,80979,1,BM25+LLM,91
138,15171,1,BM25+LLM,840
138,18296,0,BM25+LLM,137
138,13119,0,BM25+LLM,217
138,18030,0,BM25+LLM,428
139,98454,3,(BM25|STS)+Reranker+LLM,1
139,38824,3,(BM25|STS)+Reranker+LLM,2
139,34726,3,(BM25|STS)+Reranker+LLM,3
139,14890,3,(BM25|STS)+Reranker+LLM,5
139,68667,3,(BM25|STS)+Reranker+LLM,6
139,34995,3,(BM25|STS)+Reranker+LLM,8
139,34771,3,(BM25|STS)+Reranker+LLM,9
139,34929,2,(BM25|STS)+Reranker+LLM,4
139,16319,2,(BM25|STS)+Reranker+LLM,7
139,34890,2,(BM25|STS)+Reranker+LLM,10
139,33181,0,BM25+LLM,158
139,33983,0,BM25+LLM,517
139,28531,0,BM25+LLM,583
139,17227,0,BM25+LLM,737
139,20277,0,BM25+LLM,949
140,79794,3,(BM25|STS)+Reranker+LLM,1
140,135758,3,(BM25|STS)+Reranker+LLM,2
140,21939,3,(BM25|STS)+Reranker+LLM,6
140,22108,2,(BM25|STS)+Reranker+LLM,4
140,102918,2,(BM25|STS)+Reranker+LLM,5
140,26341,2,(BM25|STS)+Reranker+LLM,9
140,33077,2,(BM25|STS)+Reranker+LLM,10
140,21924,1,(BM25|STS)+Reranker+LLM,3
140,22113,1,(BM25|STS)+Reranker+LLM,7
140,22856,1,(BM25|STS)+Reranker+LLM,8
140,34635,1,BM25+LLM,80
140,17902,1,BM25+LLM,274
140,129445,0,BM25+LLM,546
140,39212,0,BM25+LLM,570
140,25410,0,BM25+LLM,972
141,110879,3,(BM25|STS)+Reranker+LLM,1
141,40942,1,(BM25|STS)+Reranker+LLM,3
141,15669,1,(BM25|STS)+Reranker+LLM,4
141,14930,1,(BM25|STS)+Reranker+LLM,7
141,17144,1,(BM25|STS)+Reranker+LLM,8
141,86055,1,(BM25|STS)+Reranker+LLM,9
141,16267,1,(BM25|STS)+Reranker+LLM,10
141,31142,1,BM25+LLM,663
141,32474,1,BM25+LLM,696
141,57595,1,BM25+LLM,729
141,13115,0,(BM25|STS)+Reranker+LLM,2
141,20564,0,(BM25|STS)+Reranker+LLM,5
141,6165,0,(BM25|STS)+Reranker+LLM,6
141,13631,0,BM25+LLM,145
141,17145,0,BM25+LLM,505
142,45379,3,(BM25|STS)+Reranker+LLM,1
142,40328,3,(BM25|STS)+Reranker+LLM,3
142,131880,2,(BM25|STS)+Reranker+LLM,6
142,2765,1,(BM25|STS)+Reranker+LLM,2
142,21128,1,(BM25|STS)+Reranker+LLM,8
142,13369,1,BM25+LLM,609
142,53648,0,(BM25|STS)+Reranker+LLM,4
142,6337,0,(BM25|STS)+Reranker+LLM,5
142,21904,0,(BM25|STS)+Reranker+LLM,7
142,116643,0,(BM25|STS)+Reranker+LLM,9
142,104134,0,(BM25|STS)+Reranker+LLM,10
142,32,0,BM25+LLM,34
142,35585,0,BM25+LLM,70
142,19712,0,BM25+LLM,555
142,28077,0,BM25+LLM,762
143,20797,3,(BM25|STS)+Reranker+LLM,1
143,73371,2,(BM25|STS)+Reranker+LLM,2
143,89880,2,(BM25|STS)+Reranker+LLM,3
143,19506,2,(BM25|STS)+Reranker+LLM,4
143,19539,2,(BM25|STS)+Reranker+LLM,5
143,19553,2,(BM25|STS)+Reranker+LLM,6
143,20634,2,(BM25|STS)+Reranker+LLM,7
143,19545,2,(BM25|STS)+Reranker+LLM,8
143,20604,2,(BM25|STS)+Reranker+LLM,9
143,19586,2,(BM25|STS)+Reranker+LLM,10
143,19597,1,BM25+LLM,77
143,31890,0,BM25+LLM,183
143,31573,0,BM25+LLM,489
143,25970,0,BM25+LLM,915
143,1393,0,BM25+LLM,999
144,54235,3,(BM25|STS)+Reranker+LLM,1
144,69027,3,(BM25|STS)+Reranker+LLM,2
144,135564,3,(BM25|STS)+Reranker+LLM,3
144,110655,3,(BM25|STS)+Reranker+LLM,4
144,133779,3,(BM25|STS)+Reranker+LLM,5
144,119534,3,(BM25|STS)+Reranker+LLM,6
144,26483,3,(BM25|STS)+Reranker+LLM,8
144,74097,2,(BM25|STS)+Reranker+LLM,10
144,27083,1,(BM25|STS)+Reranker+LLM,7
144,57449,1,(BM25|STS)+Reranker+LLM,9
144,127672,1,BM25+LLM,570
144,57156,1,BM25+LLM,600
144,25608,1,BM25+LLM,703
144,38432,0,BM25+LLM,208
144,12340,0,BM25+LLM,960
145,86727,3,(BM25|STS)+Reranker+LLM,1
145,27209,3,(BM25|STS)+Reranker+LLM,2
145,61975,3,(BM25|STS)+Reranker+LLM,3
145,85914,3,(BM25|STS)+Reranker+LLM,4
145,43507,3,(BM25|STS)+Reranker+LLM,5
145,17306,3,(BM25|STS)+Reranker+LLM,6
145,20581,3,(BM25|STS)+Reranker+LLM,7
145,35676,3,(BM25|STS)+Reranker+LLM,8
145,47183,1,(BM25|STS)+Reranker+LLM,9
145,28030,1,(BM25|STS)+Reranker+LLM,10
145,21084,1,BM25+LLM,65
145,11530,0,BM25+LLM,136
145,67011,0,BM25+LLM,356
145,58195,0,BM25+LLM,756
145,16857,0,BM25+LLM,760
146,72668,3,(BM25|STS)+Reranker+LLM,1
146,20511,2,(BM25|STS)+Reranker+LLM,2
146,32639,2,(BM25|STS)+Reranker+LLM,3
146,32636,2,(BM25|STS)+Reranker+LLM,4
146,34214,2,(BM25|STS)+Reranker+LLM,5
146,21091,2,(BM25|STS)+Reranker+LLM,6
146,59842,2,(BM25|STS)+Reranker+LLM,7
146,18198,2,(BM25|STS)+Reranker+LLM,8
146,31084,2,(BM25|STS)+Reranker+LLM,9
146,41117,2,(BM25|STS)+Reranker+LLM,10
146,33015,1,BM25+LLM,131
146,77927,1,BM25+LLM,991
146,34996,0,BM25+LLM,687
146,32012,0,BM25+LLM,861
146,93734,0,BM25+LLM,984
147,452,3,(BM25|STS)+Reranker+LLM,1
147,34136,2,(BM25|STS)+Reranker+LLM,3
147,42167,2,(BM25|STS)+Reranker+LLM,4
147,58033,2,(BM25|STS)+Reranker+LLM,6
147,20478,2,(BM25|STS)+Reranker+LLM,7
147,28064,2,(BM25|STS)+Reranker+LLM,8
147,32941,2,(BM25|STS)+Reranker+LLM,9
147,14933,2,(BM25|STS)+Reranker+LLM,10
147,20268,1,(BM25|STS)+Reranker+LLM,2
147,38337,1,(BM25|STS)+Reranker+LLM,5
147,14232,1,BM25+LLM,86
147,67014,1,BM25+LLM,280
147,40192,1,BM25+LLM,362
147,28455,1,BM25+LLM,395
147,27961,0,BM25+LLM,400
148,43880,3,(BM25|STS)+Reranker+LLM,1
148,75129,3,(BM25|STS)+Reranker+LLM,2
148,16996,3,(BM25|STS)+Reranker+LLM,3
148,18092,2,(BM25|STS)+Reranker+LLM,4
148,117370,2,(BM25|STS)+Reranker+LLM,5
148,139562,2,(BM25|STS)+Reranker+LLM,6
148,17124,2,(BM25|STS)+Reranker+LLM,7
148,21789,2,(BM25|STS)+Reranker+LLM,9
148,18410,2,(BM25|STS)+Reranker+LLM,10
148,74717,1,(BM25|STS)+Reranker+LLM,8
148,31612,1,BM25+LLM,274
148,92054,1,BM25+LLM,889
148,44600,1,BM25+LLM,948
148,13696,0,BM25+LLM,719
148,37998,0,BM25+LLM,873
149,64928,3,(BM25|STS)+Reranker+LLM,1
149,32920,3,(BM25|STS)+Reranker+LLM,2
149,34108,3,(BM25|STS)+Reranker+LLM,3
149,17879,3,(BM25|STS)+Reranker+LLM,4
149,102414,2,(BM25|STS)+Reranker+LLM,7
149,17060,2,(BM25|STS)+Reranker+LLM,8
149,63100,2,(BM25|STS)+Reranker+LLM,9
149,116643,2,(BM25|STS)+Reranker+LLM,10
149,34143,1,(BM25|STS)+Reranker+LLM,5
149,31714,1,(BM25|STS)+Reranker+LLM,6
149,21043,1,BM25+LLM,719
149,21135,1,BM25+LLM,802
149,31799,0,BM25+LLM,277
149,18323,0,BM25+LLM,484
149,31264,0,BM25+LLM,704
150,17892,3,(BM25|STS)+Reranker+LLM,1
150,18283,3,(BM25|STS)+Reranker+LLM,3
150,39043,3,(BM25|STS)+Reranker+LLM,4
150,18234,3,(BM25|STS)+Reranker+LLM,5
150,16857,3,(BM25|STS)+Reranker+LLM,9
150,34219,2,(BM25|STS)+Reranker+LLM,2
150,31239,2,(BM25|STS)+Reranker+LLM,6
150,39040,2,(BM25|STS)+Reranker+LLM,10
150,20236,1,(BM25|STS)+Reranker+LLM,7
150,91180,1,(BM25|STS)+Reranker+LLM,8
150,117370,1,BM25+LLM,190
150,14904,0,BM25+LLM,185
150,34204,0,BM25+LLM,243
150,70288,0,BM25+LLM,328
150,85641,0,BM25+LLM,338
